{
    "KPlugin": {
        "Authors": [
            {
                "Email": "tully.turk@proton.me",
                "Name": "Tully Turk, Kate Buckley, Martin Kotelnik"
            }
        ],
        "Name": "Weather Widget Plus",
        "Name[cs]": "Weather Widget Plus",
        "Name[de]": "Weather Widget Plus",
        "Name[nb]": "Weather Widget Plus",
        "Name[es]": "Widget de Clima Plus",
        "Name[ca_ES]": "Widget de Clima Plus",
        "Name[nl]": "Weerwidget Plus",
        "Name[ru]": "Виджет погоды плюс",
        "Name[sv]": "Weather Widget Plus",
        "Category": "Environment and Weather",
        "Description": "Plasmoid showing weather information from met.no server",
        "Description[es]": "Plasmoide que muestra información meteorológica del servidor Met.no",
        "Description[ca_ES]": "Plasmoid que mostra informació del temps del servidor de Met.no",
        "Description[cs]": "Widget pro předpověď počasí",
        "Description[de]": "Plasmoid zeigt Wetterinformationen des Met.no-Servers",
        "Description[nb]": "Plasmoid som viser værinformasjon fra Met.no",
        "Description[nl]": "Een plasmoid die weerinformatie toont van de Met.no-server",
        "Description[ru]": "Плазмоид, показывающий информацию о погоде с сервера Met.no",
        "Description[sv]": "Plasmoid som visar väderinformation från Met.no",
        "Description[zh_CN]": "添加 Open Weather Map",
        "Icon": "weather-clouds",
        "Id": "weather.widget.plus",
        "Version": "4.4",
        "License": "GPL2",
        "Website": "https://github.com/tully-t/weather-widget-plus"
    },
    "X-Plasma-API-Minimum-Version": "6.0",
    "X-Plasma-NotificationAreaCategory": "SystemServices",
    "KPackageStructure": "Plasma/Applet"
}
