736572	Karyes	40.25715	24.24498	364	174
ESYE11	Agíasma	40.90795	24.65636	6	174
ESYE11	Ágios Athanásios	41.07463	24.24545	92	174
ESYE11	Akropótamos	40.78916	24.03504	229	174
ESYE11	Alexandroupoli	40.84995	25.87644	19	174
ESYE11	Amisianá	40.93293	24.33835	82	174
ESYE11	Amygdaleónas	40.96346	24.36007	72	174
ESYE11	Ántheia	40.87132	25.9902	30	174
ESYE11	Antifílippoi	40.94596	24.21091	88	174
ESYE11	Áratos	41.08139	25.55186	34	174
ESYE11	Arísvi	41.07	25.59041	38	174
ESYE11	Arrianá	41.08131	25.69494	58	174
ESYE11	Ávato	40.96279	24.80441	15	174
ESYE11	Avlí	40.87302	24.17889	146	174
ESYE11	Choristí	41.13056	24.20843	119	174
ESYE11	Chrysochóri	40.93328	24.71088	11	174
ESYE11	Chrysoúpolis	40.98556	24.69389	19	174
ESYE11	Dadía	41.12826	26.22441	95	174
ESYE11	Didymóteicho	41.34806	26.49611	33	174
ESYE11	Díkaia	41.70546	26.29498	51	174
ESYE11	Dráma	41.15283	24.1473	122	174
ESYE11	Echínos	41.27558	24.97237	322	174
ESYE11	Elaiochóri	40.8203	24.24373	81	174
ESYE11	Eleftherés	40.84666	24.25431	71	174
ESYE11	Eleftheroúpolis	40.91389	24.25139	88	174
ESYE11	Erateinó	40.95008	24.63993	9	174
ESYE11	Évlalo	40.98333	24.8	18	174
ESYE11	Féres	40.89305	26.17234	30	174
ESYE11	Fília	41.13888	25.00368	106	174
ESYE11	Fílippoi	41.02504	24.33933	180	174
ESYE11	Fillýra	41.11667	25.63333	75	174
ESYE11	Foliá	40.80935	24.15686	273	174
ESYE11	Fotolívos	41.06013	24.04724	63	174
ESYE11	Fteliá	41.08266	24.18968	78	174
ESYE11	Genisséa	41.06165	24.96248	26	174
ESYE11	Georgianí	40.9567	24.14806	258	174
ESYE11	Gravoúna	40.99505	24.6525	27	174
ESYE11	Íasmos	41.12747	25.18573	27	174
ESYE11	Iliokentima	40.94931	24.78859	13	174
ESYE11	Kalampáki	41.05	24.18333	67	174
ESYE11	Kalí Vrýsi	41.14653	23.90667	243	174
ESYE11	Kallífytos	41.1728	24.21527	217	174
ESYE11	Kalós Agrós	41.10543	24.0857	67	174
ESYE11	Kamariótissa	40.47501	25.47456	14	174
ESYE11	Karianí	40.75139	23.98262	67	174
ESYE11	Karotí	41.40611	26.42557	40	174
ESYE11	Kastaniés	41.64551	26.47676	42	174
ESYE11	Káto Nevrokópi	41.35	23.86667	612	174
ESYE11	Kavála	40.93959	24.40687	34	174
ESYE11	Kavýli	41.56225	26.5147	33	174
ESYE11	Keramotí	40.85591	24.70595	2	174
ESYE11	Kimméria	41.14788	24.93869	77	174
ESYE11	Kokkinóchoma	40.9269	24.30805	88	174
ESYE11	Kómara	41.59374	26.22947	64	174
ESYE11	Komotiní	41.11917	25.40535	41	174
ESYE11	Koufóvouno	41.35533	26.43691	61	174
ESYE11	Krinídes	41.01396	24.29647	85	174
ESYE11	Kryonéri	41.02477	24.37833	199	174
ESYE11	Kyprínos	41.57542	26.22905	69	174
ESYE11	Kýria	41.099	24.28915	152	174
ESYE11	Lagós	41.45102	26.46067	104	174
ESYE11	Lávara	41.26957	26.38522	25	174
ESYE11	Lefkópetra	41.13629	24.97932	64	174
ESYE11	Limenária	40.62741	24.5765	17	174
ESYE11	Loutrós	40.88153	26.04697	31	174
ESYE11	Lydía	41.03061	24.28153	83	174
ESYE11	Lýkeio	41.06413	25.6857	56	174
ESYE11	Méga Pistó	41.14712	25.30108	102	174
ESYE11	Metaxádes	41.41944	26.22504	135	174
ESYE11	Mikrópolis	41.19351	23.8157	363	174
ESYE11	Mosynopolis, Maximianopolis, Μαξιμιανούπολις	41.12863	25.32546	46	174
ESYE11	Mousthéni	40.86239	24.11271	223	174
ESYE11	Mýki	41.24384	24.92084	357	174
ESYE11	Néa Iraklítsa	40.86442	24.3165	16	174
ESYE11	Néa Karváli	40.96148	24.51132	5	174
ESYE11	Néa Karyá	40.90621	24.70726	8	174
ESYE11	Néa Péramos	40.83854	24.3013	6	174
ESYE11	Néa Výssa	41.58449	26.54318	33	174
ESYE11	Neochóri	41.51131	26.4574	43	174
ESYE11	Néos Pýrgos	41.49462	26.5039	33	174
ESYE11	Nikísiani	40.94739	24.14311	346	174
ESYE11	Nípsa	40.92912	26.01801	176	174
ESYE11	Ofrínion	40.79663	23.91093	125	174
ESYE11	Orestiáda	41.50306	26.52972	45	174
ESYE11	Orfánio	40.7758	23.95105	46	174
ESYE11	Orménio	41.72048	26.2152	62	174
ESYE11	Páchni	41.30506	24.89438	758	174
ESYE11	Pagoúria	41.02801	25.31809	19	174
ESYE11	Palaiochóri	40.94338	24.17747	213	174
ESYE11	Palaió Tsiflíki	40.90495	24.35083	16	174
ESYE11	Panagiá	40.89785	24.24176	191	174
ESYE11	Panayía	40.73067	24.72816	230	174
ESYE11	Paralía Ofryníou	40.76663	23.90039	1	174
ESYE11	Paranésti	41.26667	24.5	120	174
ESYE11	Péplos	40.95755	26.26577	62	174
ESYE11	Pérni	41.00054	24.63627	75	174
ESYE11	Peteinós	41.10056	24.89847	44	174
ESYE11	Petrochóri	41.08742	24.84092	65	174
ESYE11	Petropigí	40.9875	24.61489	65	174
ESYE11	Petroússa	41.1947	24.01731	262	174
ESYE11	Pigés	40.90605	24.67215	8	174
ESYE11	Platanótopos	40.84715	24.06005	250	174
ESYE11	Podhokhóri	40.83112	24.02483	270	174
ESYE11	Potamiá	40.71633	24.72859	126	174
ESYE11	Potós	40.61154	24.608	14	174
ESYE11	Prínos	40.7409	24.57787	33	174
ESYE11	Prósfyges	40.9857	24.37531	106	174
ESYE11	Prosotsáni	41.18333	23.96667	139	174
ESYE11	Provatónas	41.02654	26.25906	27	174
ESYE11	Rízia	41.6249	26.42771	55	174
ESYE11	Samothráki	40.47333	25.52222	275	174
ESYE11	Sápes	41.02861	25.69306	120	174
ESYE11	Sélero	41.13382	24.99408	72	174
ESYE11	Símantra	41.13772	25.02535	98	174
ESYE11	Sitagroí	41.11067	24.02755	78	174
ESYE11	Skála Kalliráchis	40.70641	24.53392	4	174
ESYE11	Smínthi	41.23064	24.88	242	174
ESYE11	Souflí	41.19194	26.29944	36	174
ESYE11	Stérna	41.56546	26.4581	51	174
ESYE11	Thásos	40.77806	24.70944	6	174
ESYE11	Theológos	40.6594	24.69257	233	174
ESYE11	Tycheró	41.02878	26.29455	37	174
ESYE11	Vólakas	41.31661	24.00215	832	174
ESYE11	Xánthi	41.13488	24.888	81	174
ESYE11	Xiropótamos	41.19206	24.10385	242	174
ESYE11	Xylaganí	40.97437	25.42022	44	174
ESYE11	Zarkadiá	41.01887	24.64063	156	174
ESYE11	Zygós	41.0132	24.38132	159	174
ESYE12	Achinós	40.92054	23.6563	27	174
ESYE12	Achladochóri	40.83703	22.34227	62	174
ESYE12	Achladochóri	41.31976	23.54026	494	174
ESYE12	Ádendro	40.67131	22.60466	6	174
ESYE12	Áfytos	40.09915	23.4367	50	174
ESYE12	Agía Marína	40.59722	22.21533	36	174
ESYE12	Agía Paraskeví	40.4815	23.04863	82	174
ESYE12	Agía Paraskeví	40.94935	23.45706	24	174
ESYE12	Agía Triáda	40.50003	22.87351	3	174
ESYE12	Agía Varvára	40.49588	22.24439	83	174
ESYE12	Ágio Pnévma	41.10142	23.67992	310	174
ESYE12	Ágios Athanásios	40.71598	22.72841	21	174
ESYE12	Ágios Dimítrios	40.15559	22.23048	810	174
ESYE12	Ágios Geórgios	40.60215	22.1943	50	174
ESYE12	Ágios Ioánnis	41.09973	23.58022	72	174
ESYE12	Ágios Loukás	40.71799	22.29545	9	174
ESYE12	Ágios Mámas	40.25906	23.33574	6	174
ESYE12	Ágios Nikólaos	40.24926	23.69616	81	174
ESYE12	Ágios Pávlos	40.64075	22.96039	145	174
ESYE12	Ágios Pétros	40.86725	22.58298	26	174
ESYE12	Ágios Spyrídon	40.20778	22.44311	65	174
ESYE12	Ágios Vasíleios	40.66424	23.11373	97	174
ESYE12	Agkathiá	40.55535	22.47083	14	174
ESYE12	Ágras	40.8055	22.00363	482	174
ESYE12	Aigínio	40.50139	22.54	35	174
ESYE12	Akrolímni	40.6802	22.2645	8	174
ESYE12	Akropótamos	40.84024	22.65408	45	174
ESYE12	Alexándreia	40.62667	22.44417	8	174
ESYE12	Alistráti	41.06443	23.95751	267	174
ESYE12	Alónia	40.39386	22.54021	176	174
ESYE12	Ammoudhiá	41.14324	23.33539	33	174
ESYE12	Ammoulianí	40.33272	23.92149	18	174
ESYE12	Ampeleíes	40.83417	22.38767	148	174
ESYE12	Ampelókipoi	40.65304	22.92624	26	174
ESYE12	Anatolikó	40.66152	22.7119	4	174
ESYE12	Anayénnisis	41.10982	23.33256	25	174
ESYE12	Anchíalos	40.71509	22.78012	20	174
ESYE12	Andromáchi	40.273	22.48109	45	174
ESYE12	Angelochóri	40.49717	22.8344	30	174
ESYE12	Angelochóri	40.67862	22.19933	21	174
ESYE12	Áno Ágios Ioánnis	40.31997	22.49356	83	174
ESYE12	Áno Kamíla	41.05695	23.42391	18	174
ESYE12	Áno Poróïa	41.28562	23.03683	372	174
ESYE12	Áno Zervochóri	40.65648	22.21576	19	174
ESYE12	Anthí	40.94403	23.5063	20	174
ESYE12	Ápsalos	40.8924	22.05709	151	174
ESYE12	Aravissós	40.84352	22.30178	56	174
ESYE12	Archángelos	41.08213	22.27914	818	174
ESYE12	Aréthousa	40.74405	23.58807	356	174
ESYE12	Aridaía	40.97306	22.05639	122	174
ESYE12	Arnaía	40.48652	23.59537	605	174
ESYE12	Árnissa	40.79555	21.83577	554	174
ESYE12	Arsénio	40.71412	22.15923	43	174
ESYE12	Askós	40.75105	23.38721	444	174
ESYE12	Áspro	40.73566	22.21512	17	174
ESYE12	Áspros	40.9011	22.6304	55	174
ESYE12	Asproválta	40.73049	23.7118	8	174
ESYE12	Ássiros	40.82143	23.03008	191	174
ESYE12	Asvestochóri	40.64125	23.02528	357	174
ESYE12	Áthyra	40.82615	22.59279	28	174
ESYE12	Axioúpoli	40.98582	22.54165	41	174
ESYE12	Axós	40.80223	22.36158	39	174
ESYE12	Chalástra	40.62643	22.73291	5	174
ESYE12	Chalkidóna	40.73184	22.59992	22	174
ESYE12	Chaniotis	39.99908	23.58001	9	174
ESYE12	Charíessa	40.65139	22.16659	38	174
ESYE12	Charopó	41.26031	23.37279	114	174
ESYE12	Cheímarros	41.11048	23.25815	40	174
ESYE12	Chérso	41.08921	22.78067	100	174
ESYE12	Chorteró	41.21947	23.36874	58	174
ESYE12	Chortiátis	40.60954	23.10014	551	174
ESYE12	Chorýgio	40.99594	22.72637	164	174
ESYE12	Chrysó	41.05806	23.65108	101	174
ESYE12	Chrysochórafa	41.18097	23.23551	32	174
ESYE12	Dasochóri	41.16338	23.26798	34	174
ESYE12	Diavatá	40.68744	22.85799	15	174
ESYE12	Diavatós	40.54606	22.26686	25	174
ESYE12	Dimitrítsi	40.98508	23.41347	24	174
ESYE12	Díon	40.17169	22.48463	30	174
ESYE12	Dorothéa	40.99455	22.05749	131	174
ESYE12	Dravískos	40.92393	23.87119	85	174
ESYE12	Drosáto	41.16641	22.80298	207	174
ESYE12	Droseró	40.82291	22.24816	23	174
ESYE12	Drymós	40.78099	22.95889	189	174
ESYE12	Édessa	40.8026	22.04751	312	174
ESYE12	Efkarpía	40.68797	22.95348	109	174
ESYE12	Efkarpía	40.86285	23.77186	40	174
ESYE12	Efkarpía	41.07374	22.90818	275	174
ESYE12	Eirinoúpoli	40.67806	22.19278	24	174
ESYE12	Élafos	40.37372	22.39738	355	174
ESYE12	Elatochori	40.31948	22.25804	827	174
ESYE12	Eleoúsa	40.7482	22.62638	10	174
ESYE12	Emmanouíl Pappás	41.08548	23.70981	254	174
ESYE12	Epanomí	40.42614	22.92782	40	174
ESYE12	Episkopí	40.59148	22.36466	10	174
ESYE12	Episkopí	40.68748	22.1364	70	174
ESYE12	Eptámyloi	41.10063	23.59144	60	174
ESYE12	Esóvalta	40.70733	22.26385	10	174
ESYE12	Évosmos	40.67056	22.90833	43	174
ESYE12	Evropós	40.89703	22.55277	84	174
ESYE12	Exaplátanos	40.97643	22.12958	123	174
ESYE12	Fíliro	40.69151	23.0046	395	174
ESYE12	Filóteia	41.03436	22.15207	179	174
ESYE12	Flamouriá	40.75258	22.01691	316	174
ESYE12	Flámpouro	40.93132	23.56667	16	174
ESYE12	Foúrka	40.00572	23.41537	42	174
ESYE12	Fyteía	40.56325	22.10968	472	174
ESYE12	Galatádes	40.7559	22.28062	13	174
ESYE12	Galátista	40.4682	23.28015	449	174
ESYE12	Gallikós	40.85817	22.87604	82	174
ESYE12	Ganóchora	40.30888	22.49577	68	174
ESYE12	Garéfeion	41.02778	22.04621	164	174
ESYE12	Gázoros	41.02557	23.77574	112	174
ESYE12	Géfyra	40.73253	22.69359	32	174
ESYE12	Gefyroúdi	41.15943	23.36134	33	174
ESYE12	Gerakaroú	40.62666	23.21566	139	174
ESYE12	Giannitsá	40.79194	22.4075	31	174
ESYE12	Gomáti	40.39608	23.79547	101	174
ESYE12	Gorgópi	40.96083	22.5243	66	174
ESYE12	Gouménissa	40.94604	22.44974	234	174
ESYE12	Gríva	40.95433	22.41037	445	174
ESYE12	Ída	41.00991	22.1765	182	174
ESYE12	Ierissós	40.39748	23.87505	6	174
ESYE12	Irákleia	41.18217	23.28243	39	174
ESYE12	Iráklion	40.7568	23.0356	101	174
ESYE12	Ívira	40.89537	23.69857	68	174
ESYE12	Kalá Déndra	41.09941	23.42396	22	174
ESYE12	Kalamariá	40.5825	22.95028	39	174
ESYE12	Kalamotó	40.55613	23.3735	216	174
ESYE12	Kalándra	39.97099	23.40061	68	174
ESYE12	Kalí	40.81931	22.17761	37	174
ESYE12	Kallípoli	40.79004	22.23339	22	174
ESYE12	Kallithéa	40.07374	23.44637	37	174
ESYE12	Kallithéa	40.2739	22.57775	9	174
ESYE12	Kalochóri	40.64189	22.85734	3	174
ESYE12	Kalýves Polygýrou	40.28659	23.39033	30	174
ESYE12	Kalývia	40.75508	22.21753	19	174
ESYE12	Kampánis	40.88951	22.91682	114	174
ESYE12	Kampochóri	40.60953	22.36954	7	174
ESYE12	Kardía	40.46909	22.99378	184	174
ESYE12	Karítsa	40.18745	22.48171	20	174
ESYE12	Karperí	41.13212	23.30436	29	174
ESYE12	Karyótissa	40.76915	22.31331	9	174
ESYE12	Kassándreia	40.04835	23.41362	51	174
ESYE12	Kastanás	40.81917	22.65875	39	174
ESYE12	Kastanoússa	41.27743	22.89398	279	174
ESYE12	Katachás	40.46693	22.54204	72	174
ESYE12	Kateríni	40.26956	22.50608	40	174
ESYE12	Káto Ágios Ioánnis	40.32663	22.52636	64	174
ESYE12	Káto Kamíla	41.02119	23.48336	16	174
ESYE12	Káto Lipochóri	40.75754	22.17962	26	174
ESYE12	Káto Miliá	40.25403	22.34342	178	174
ESYE12	Káto Scholári	40.42906	23.02978	204	174
ESYE12	Kavallári	40.71539	23.04588	84	174
ESYE12	Kavásila	40.59142	22.33192	11	174
ESYE12	Kefalochóri	40.56889	22.36576	14	174
ESYE12	Kerkíni	41.21887	23.08454	36	174
ESYE12	Kilkís	40.99302	22.87433	277	174
ESYE12	Kítros	40.37399	22.57862	84	174
ESYE12	Kleidí	40.56632	22.59033	2	174
ESYE12	Koímisi	41.21282	23.30035	42	174
ESYE12	Kolchikón	40.75662	23.13377	138	174
ESYE12	Kolindrós	40.47888	22.48319	288	174
ESYE12	Konstantía	40.99865	22.17355	181	174
ESYE12	Kontariótissa	40.22754	22.461	44	174
ESYE12	Kopanós	40.63382	22.12893	87	174
ESYE12	Korinós	40.31659	22.58817	12	174
ESYE12	Kormísta	40.98013	24.05565	234	174
ESYE12	Koryfí	40.60286	22.50681	6	174
ESYE12	Koufália	40.77778	22.57194	47	174
ESYE12	Kouloúra	40.54652	22.31795	21	174
ESYE12	Krinída	40.99473	23.98408	155	174
ESYE12	Kristóni	40.95962	22.85929	203	174
ESYE12	Krithiá	40.84184	22.98292	209	174
ESYE12	Krýa Vrýsi	40.68738	22.30516	6	174
ESYE12	Kryonéri	40.81497	23.28131	605	174
ESYE12	Kryopigí	40.03569	23.47361	110	174
ESYE12	Kýmina	40.61354	22.69278	1	174
ESYE12	Kypséli	40.55569	22.49374	11	174
ESYE12	Lagkadás	40.75	23.06667	103	174
ESYE12	Lagkadikia	40.63569	23.24653	109	174
ESYE12	Lagyná	40.72351	23.0042	127	174
ESYE12	Lákkoma	40.39139	23.05578	104	174
ESYE12	Lefkádia	40.65298	22.1191	80	174
ESYE12	Lefkónas	41.10029	23.49658	64	174
ESYE12	Leptokaryá	40.06032	22.5612	29	174
ESYE12	Lianovérgi	40.63526	22.5082	6	174
ESYE12	Limnochóri	41.20587	23.2046	33	174
ESYE12	Liparó	40.7469	22.2474	16	174
ESYE12	Lithótopos	41.13444	23.22154	45	174
ESYE12	Lití	40.74533	22.97982	134	174
ESYE12	Litóchoro	40.10056	22.49778	350	174
ESYE12	Livadiá	41.25172	23.07598	59	174
ESYE12	Lófos	40.24395	22.38033	244	174
ESYE12	Loudías	40.67838	22.54257	5	174
ESYE12	Loutráki	40.97116	21.94659	276	174
ESYE12	Loutrós	40.58873	22.39976	11	174
ESYE12	Makrochóri	40.55125	22.24955	38	174
ESYE12	Makrýgialos	40.41551	22.60392	29	174
ESYE12	Mándalo	40.85677	22.21264	65	174
ESYE12	Marína	40.692	22.10099	132	174
ESYE12	Mavrólofos	40.9129	23.87124	103	174
ESYE12	Mavronéri	40.88714	22.81345	146	174
ESYE12	Mavrothálassa	40.89427	23.75048	24	174
ESYE12	Mavrovoúni	40.78243	22.15629	37	174
ESYE12	Megáli Panagía	40.44505	23.67999	430	174
ESYE12	Megalochóri	41.24688	23.22488	37	174
ESYE12	Melenikítsi	41.14835	23.44482	134	174
ESYE12	Melíki	40.51685	22.39599	34	174
ESYE12	Melíssi	40.77406	22.35304	8	174
ESYE12	Melissochóri	40.76796	22.92858	221	174
ESYE12	Meneméni	40.65829	22.89712	7	174
ESYE12	Mesiméri	40.41344	23.0075	96	174
ESYE12	Mesiméri	40.79339	22.0254	437	174
ESYE12	Metagkítsi	40.32443	23.65511	140	174
ESYE12	Metamórfosi	40.22994	23.60358	24	174
ESYE12	Methóni	40.4474	22.59004	62	174
ESYE12	Mikrókampos	40.84098	22.77483	74	174
ESYE12	Mikró Monastíri	40.7043	22.54112	5	174
ESYE12	Miliá	40.99205	22.14465	138	174
ESYE12	Mitroúsi	41.07041	23.46064	18	174
ESYE12	Monóspita	40.61844	22.17581	46	174
ESYE12	Monóvrysi	41.06007	23.60501	50	174
ESYE12	Moschopótamos	40.32579	22.30868	460	174
ESYE12	Mouriés	41.25332	22.79602	169	174
ESYE12	Myriófyto	41.22328	22.8272	202	174
ESYE12	Náousa	40.62944	22.06806	350	174
ESYE12	Néa Apollonía	40.62558	23.44074	108	174
ESYE12	Néa Báfra	40.98847	24.02036	175	174
ESYE12	Néa Éfesos	40.22923	22.49811	20	174
ESYE12	Néa Filadélfeia	40.79798	22.84048	78	174
ESYE12	Néa Flogitá	40.26108	23.22107	19	174
ESYE12	Néa Fókaia	40.13333	23.39754	22	174
ESYE12	Néa Irákleia	40.34772	23.0155	17	174
ESYE12	Néa Kallikráteia	40.31312	23.06343	9	174
ESYE12	Néa Kerasiá	40.47539	22.86891	47	174
ESYE12	Néa Kerdýlia	40.79443	23.84163	10	174
ESYE12	Néa Lykógianni	40.5727	22.23803	35	174
ESYE12	Néa Magnisía	40.68785	22.84582	17	174
ESYE12	Néa Málgara	40.60985	22.68196	4	174
ESYE12	Néa Mesimvría	40.75158	22.76904	108	174
ESYE12	Néa Michanióna	40.46371	22.8617	26	174
ESYE12	Néa Moudhaniá	40.2439	23.28484	3	174
ESYE12	Néa Nikomídeia	40.587	22.25007	20	174
ESYE12	Néa Pélla	40.76516	22.49173	33	174
ESYE12	Néa Plágia	40.26537	23.20376	7	174
ESYE12	Neapoli	40.6532	22.94156	82	174
ESYE12	Néa Poteídaia	40.19409	23.32832	19	174
ESYE12	Néa Potídhaia	40.19428	23.32874	19	174
ESYE12	Néa Róda	40.38119	23.92374	15	174
ESYE12	Néa Sánta	40.84084	22.92163	122	174
ESYE12	Néa Sílata	40.32946	23.1336	56	174
ESYE12	Néa Skióni	39.94661	23.53156	7	174
ESYE12	Néa Tirolóï	41.11363	23.3768	26	174
ESYE12	Néa Trapezoúnta	40.33419	22.5245	119	174
ESYE12	Néa Tríglia	40.30575	23.2066	90	174
ESYE12	Néa Vrasná	40.70592	23.6985	4	174
ESYE12	Néa Zíchni	41.03204	23.8287	264	174
ESYE12	Néo Agionéri	40.80826	22.70733	137	174
ESYE12	Neochóri	40.50858	23.67946	556	174
ESYE12	Neochóri	40.66495	22.4456	4	174
ESYE12	Neochóri	41.05231	23.57997	33	174
ESYE12	Neochoroúda	40.73817	22.87557	215	174
ESYE12	Néo Gynaikókastro	40.92149	22.74659	78	174
ESYE12	Néoi Epivátes	40.49863	22.91192	45	174
ESYE12	Néoi Póroi	39.97732	22.6498	0	174
ESYE12	Neókastro	40.5054	22.4152	65	174
ESYE12	Néo Petrítsi	41.27459	23.29381	101	174
ESYE12	Néo Rýsi	40.49605	22.98794	43	174
ESYE12	Néos Marmarás	40.0961	23.78323	12	174
ESYE12	Néos Mylótopos	40.81872	22.35489	50	174
ESYE12	Néo Soúli	41.09397	23.64376	156	174
ESYE12	Néos Skopós	41.0239	23.60927	29	174
ESYE12	Nigríta	40.90528	23.49944	78	174
ESYE12	Níkiti	40.22204	23.66837	14	174
ESYE12	Nikókleia	40.93266	23.42773	72	174
ESYE12	Nikomidinó	40.63695	23.2758	144	174
ESYE12	Niséli	40.59443	22.46036	7	174
ESYE12	Nisí	40.6361	22.38884	5	174
ESYE12	Oinoússa	41.10237	23.62576	144	174
ESYE12	Olympiáda	40.59189	23.78209	4	174
ESYE12	Ólynthos	40.29147	23.34205	31	174
ESYE12	Oraiókastro	40.73083	22.91722	269	174
ESYE12	Oreiní	41.19548	23.5923	756	174
ESYE12	Órma	40.95133	21.92612	309	174
ESYE12	Ormýlia	40.29451	23.54332	31	174
ESYE12	Ouranoupolis	40.33333	23.98333	75	174
ESYE12	Palaífyto	40.78283	22.27388	16	174
ESYE12	Palaió Agionéri	40.81462	22.72748	130	174
ESYE12	Palaiochóra	40.50085	23.45138	377	174
ESYE12	Palaiochóri	40.49186	23.64928	530	174
ESYE12	Palaió Eleftherochóri	40.43711	22.5753	141	174
ESYE12	Palaiókastro	41.15636	23.41322	66	174
ESYE12	Palaió Keramídi	40.31403	22.46448	156	174
ESYE12	Palaiokómi	40.87068	23.90121	138	174
ESYE12	Palaió Skyllítsi	40.60611	22.32918	8	174
ESYE12	Palaiós Mylótopos	40.80318	22.32615	24	174
ESYE12	Palaiostáni	40.41921	22.46309	344	174
ESYE12	Palatítsia	40.48416	22.34328	98	174
ESYE12	Palioúri	39.94184	23.66309	134	174
ESYE12	Panórama	40.58779	23.0315	368	174
ESYE12	Paralía	40.2671	22.59615	3	174
ESYE12	Paralía Dionysíou	40.25045	23.24982	5	174
ESYE12	Paralímni	40.75113	22.4541	7	174
ESYE12	Paralímnio	40.98508	23.67017	22	174
ESYE12	Parthéni	40.70035	22.60697	8	174
ESYE12	Patrída	40.56071	22.18545	109	174
ESYE12	Pedinó	40.91013	22.87253	132	174
ESYE12	Péfka	40.65806	22.99378	250	174
ESYE12	Pefkochóri	39.98784	23.61219	15	174
ESYE12	Pefkodásos	41.03844	22.57638	142	174
ESYE12	Pélla	40.76169	22.52637	62	174
ESYE12	Pentálofos	40.74296	22.85256	120	174
ESYE12	Pentaplátano	40.81902	22.41903	135	174
ESYE12	Pentápoli	41.05011	23.68893	133	174
ESYE12	Peraía	40.49874	22.92617	52	174
ESYE12	Perístasi	40.27443	22.54164	23	174
ESYE12	Peristerá	40.54881	23.1654	577	174
ESYE12	Perivolákion	40.74418	23.03571	96	174
ESYE12	Petraía	40.7202	22.14439	64	174
ESYE12	Piperiés	40.97023	22.01682	154	174
ESYE12	Plagiári	40.47276	22.9579	139	174
ESYE12	Plátanos	40.56475	22.55072	5	174
ESYE12	Platý	40.64241	22.53458	5	174
ESYE12	Políchni	40.66671	22.94881	109	174
ESYE12	Políkhronon	40.01657	23.52834	9	174
ESYE12	Polýgyros	40.37704	23.44135	523	174
ESYE12	Polykárpi	40.92598	22.01634	154	174
ESYE12	Polýkastro	40.99444	22.56909	36	174
ESYE12	Polyplátanos	40.68306	22.19118	21	174
ESYE12	Pontisméno	41.20885	23.28325	38	174
ESYE12	Pontoirákleia	41.10445	22.62162	107	174
ESYE12	Portariá	40.28405	23.29549	45	174
ESYE12	Próchoma	40.79826	22.66659	87	174
ESYE12	Pródromos	40.55083	22.39667	16	174
ESYE12	Profítis	40.68767	23.27737	118	174
ESYE12	Profítis Ilías	40.81373	22.16166	37	174
ESYE12	Prómachoi	41.02517	22.00437	272	174
ESYE12	Próti	40.94411	24.00118	282	174
ESYE12	Provatás	41.06825	23.3903	22	174
ESYE12	Psychikó	41.00404	23.62994	26	174
ESYE12	Pylaía	40.59918	22.98613	90	174
ESYE12	Ráchi	40.48453	22.21451	395	174
ESYE12	Rachóna	40.81211	22.53853	91	174
ESYE12	Ritíni	40.28835	22.28361	582	174
ESYE12	Rizári	40.78373	22.088	81	174
ESYE12	Rizó	40.73331	22.13674	48	174
ESYE12	Rizómata	40.35061	22.21079	598	174
ESYE12	Rodochóri	40.6907	22.01751	532	174
ESYE12	Rodolívos	40.92055	23.97489	353	174
ESYE12	Rodópoli	41.26125	23.00043	98	174
ESYE12	Ryákia	40.40086	22.39309	430	174
ESYE12	Sárti	40.09369	23.97859	3	174
ESYE12	Sérres	41.08499	23.54757	41	174
ESYE12	Sevastí	40.35927	22.54513	141	174
ESYE12	Sevastianá	40.76874	22.12346	47	174
ESYE12	Sfendámi	40.41307	22.54677	166	174
ESYE12	Sfikiá	40.38581	22.20881	614	174
ESYE12	Sidirókastro	41.23499	23.38899	90	174
ESYE12	Símantra	40.34563	23.31026	168	174
ESYE12	Síndos	40.67045	22.80545	8	174
ESYE12	Sitochóri	40.88172	23.61858	88	174
ESYE12	Skála Foúrkas	39.99854	23.38325	3	174
ESYE12	Skotína	40.01495	22.55244	98	174
ESYE12	Skotoússa	41.12844	23.38174	28	174
ESYE12	Skoútari	41.01871	23.51971	16	174
ESYE12	Skýdra	40.76722	22.15194	37	174
ESYE12	Sochós	40.81788	23.35546	620	174
ESYE12	Sosándra	40.99894	22.03254	157	174
ESYE12	Sourotí	40.47274	23.09197	102	174
ESYE12	Sozópoli	40.27726	23.14735	15	174
ESYE12	Stanós	40.54477	23.5899	505	174
ESYE12	Stathmós Mourión	41.26378	22.83855	201	174
ESYE12	Stavrodrómi	40.71161	22.21694	14	174
ESYE12	Stavrós	40.58939	22.30861	10	174
ESYE12	Stavrós	40.66498	23.70015	4	174
ESYE12	Stavroúpoli	40.66944	22.93806	45	174
ESYE12	Stenímachos	40.60359	22.12578	133	174
ESYE12	Stívos	40.64963	23.30344	142	174
ESYE12	Stratoníki	40.52772	23.76306	460	174
ESYE12	Stratónion	40.51406	23.82471	12	174
ESYE12	Strymonikó	41.04144	23.31487	43	174
ESYE12	Svorónos	40.26805	22.46366	47	174
ESYE12	Sykiá	40.03874	23.94046	27	174
ESYE12	Sykiés	40.64944	22.95083	115	174
ESYE12	Taxiárchis	40.42483	23.52223	666	174
ESYE12	Terpní	40.91643	23.48137	69	174
ESYE12	Theodorákeio	40.94959	22.19168	422	174
ESYE12	Thérmi	40.54712	23.01967	54	174
ESYE12	Thessaloníki	40.64361	22.93086	8	174
ESYE12	Tholós	40.99992	23.78207	69	174
ESYE12	Toúmpa	40.93526	22.5438	67	174
ESYE12	Toúmpa	41.02385	23.70619	47	174
ESYE12	Triandría	40.615	22.9762	71	174
ESYE12	Triantafylliá	40.98417	23.34785	140	174
ESYE12	Trifýlli	40.79084	22.26373	17	174
ESYE12	Tríkala	40.59814	22.55733	5	174
ESYE12	Trílofo	40.57182	22.15195	167	174
ESYE12	Trílofos	40.37093	22.45863	291	174
ESYE12	Trílofos	40.46898	22.9718	143	174
ESYE12	Tsákoi	40.95495	22.03763	139	174
ESYE12	Vafiochóri	41.00984	22.66344	67	174
ESYE12	Valteró	41.17927	23.32022	36	174
ESYE12	Valtotópi	40.99354	23.59613	9	174
ESYE12	Vamvakiá	41.08394	23.34608	23	174
ESYE12	Vamvakófyto	41.17916	23.39602	75	174
ESYE12	Varvára	40.56953	23.6588	545	174
ESYE12	Vasiliká	40.47966	23.13695	68	174
ESYE12	Vasiloúdi	40.63193	23.19029	142	174
ESYE12	Vathýlakkos	40.76942	22.7088	101	174
ESYE12	Vérgi	40.95396	23.39833	43	174
ESYE12	Vergína	40.48654	22.31735	111	174
ESYE12	Véroia	40.52437	22.20242	152	174
ESYE12	Voreinó	41.02828	22.07924	166	174
ESYE12	Vrachiá	40.66257	22.64061	6	174
ESYE12	Vrástama	40.37184	23.5359	450	174
ESYE12	Vrontoú	40.19356	22.43203	122	174
ESYE12	Vrysáki	40.62048	22.40365	7	174
ESYE12	Vyróneia	41.26541	23.25247	52	174
ESYE12	Xechasméni	40.5687	22.33907	16	174
ESYE12	Xifianí	40.93011	22.08052	111	174
ESYE12	Xilópolis	40.92713	23.17944	563	174
ESYE12	Xirochóri	40.80289	22.77882	192	174
ESYE13	Aetós	40.66121	21.55395	624	174
ESYE13	Ágios Panteleímonas	40.72398	21.74825	555	174
ESYE13	Aianí	40.16381	21.81945	451	174
ESYE13	Akriní	40.43492	21.90609	823	174
ESYE13	Ammochóri	40.78203	21.48458	634	174
ESYE13	Ampelókipoi	40.46582	21.31001	645	174
ESYE13	Amýntaio	40.68967	21.67974	595	174
ESYE13	Análipsi	40.69686	21.68313	581	174
ESYE13	Anaráchi	40.49234	21.57279	715	174
ESYE13	Anatolikó	40.54446	21.74841	635	174
ESYE13	Áno Kómi	40.2266	21.82827	453	174
ESYE13	Árdassa	40.47734	21.63352	626	174
ESYE13	Argos Orestiko	40.45354	21.25889	654	174
ESYE13	Armenokhórion	40.80257	21.46085	615	174
ESYE13	Chiliódendro	40.48723	21.19136	691	174
ESYE13	Chlói	40.53918	21.25923	645	174
ESYE13	Deskáti	39.92422	21.81031	862	174
ESYE13	Dímitra	39.9471	21.6619	453	174
ESYE13	Dispilió	40.48148	21.28786	633	174
ESYE13	Eláti	39.97933	21.82281	630	174
ESYE13	Empório	40.48866	21.55768	691	174
ESYE13	Erátyra	40.34253	21.51333	767	174
ESYE13	Filótas	40.6252	21.70851	565	174
ESYE13	Flórina	40.78197	21.40981	656	174
ESYE13	Galatiní	40.31966	21.55148	1004	174
ESYE13	Gérmas	40.45504	21.42904	774	174
ESYE13	Grevená	40.08452	21.42744	534	174
ESYE13	Itéa	40.83582	21.51351	612	174
ESYE13	Karperó	39.94715	21.61865	494	174
ESYE13	Kastaniá	40.17434	22.02368	977	174
ESYE13	Kastoria	40.52165	21.26341	641	174
ESYE13	Kélli	40.78667	21.68895	986	174
ESYE13	Kleítos	40.4314	21.85806	700	174
ESYE13	Koíla	40.33055	21.79102	671	174
ESYE13	Kolokynthoú	40.50503	21.2111	667	174
ESYE13	Komniná	40.59057	21.77671	683	174
ESYE13	Korisós	40.5049	21.37703	710	174
ESYE13	Kozáni	40.30069	21.78896	713	174
ESYE13	Kraniá	39.89712	21.2811	947	174
ESYE13	Krókos	40.26349	21.8176	601	174
ESYE13	Laimós	40.83628	21.14061	910	174
ESYE13	Léchovo	40.58442	21.49218	882	174
ESYE13	Levaía	40.64531	21.70313	631	174
ESYE13	Livaderó	40.03455	21.94279	974	174
ESYE13	Maniákoi	40.50064	21.24446	663	174
ESYE13	Mavrochóri	40.51224	21.32038	630	174
ESYE13	Melíti	40.83434	21.58426	671	174
ESYE13	Mesopotamía	40.50252	21.1611	694	174
ESYE13	Nea Lava	40.19048	22.0132	449	174
ESYE13	Néa Léfki	40.50691	21.24129	673	174
ESYE13	Néo Kostarázi	40.43503	21.33161	670	174
ESYE13	Nestório	40.41278	21.06222	865	174
ESYE13	Pappagiánnis	40.83866	21.49793	603	174
ESYE13	Pentávryso	40.45376	21.14216	783	174
ESYE13	Platanórevma	40.20083	22.02488	474	174
ESYE13	Polykárpi	40.52154	21.32144	630	174
ESYE13	Polýmylos	40.37091	22.0673	869	174
ESYE13	Poreiá	40.4885	21.2124	676	174
ESYE13	Ptolemaḯda	40.51472	21.67861	609	174
ESYE13	Samarína	40.10462	21.01864	1439	174
ESYE13	Sérvia	40.17972	21.99444	391	174
ESYE13	Siátista	40.26194	21.54417	948	174
ESYE13	Sitariá	40.79094	21.5429	634	174
ESYE13	Sklíthro	40.62192	21.5048	675	174
ESYE13	Skopiá	40.76346	21.41039	695	174
ESYE13	Toichío	40.58338	21.30453	676	174
ESYE13	Tsotíli	40.26147	21.32533	837	174
ESYE13	Varikó	40.53967	21.50292	753	174
ESYE13	Velventós	40.25532	22.07543	452	174
ESYE13	Vévi	40.76733	21.61595	739	174
ESYE13	Vogatsikó	40.41436	21.38015	778	174
ESYE13	Xinó Neró	40.69028	21.62324	647	174
ESYE14	Agiá	39.71901	22.75869	192	174
ESYE14	Agía Triáda	39.46361	21.89848	94	174
ESYE14	Agiófyllo	39.86324	21.56185	589	174
ESYE14	Ágios Geórgios	39.29633	21.8357	265	174
ESYE14	Ágios Geórgios Ferón	39.36977	22.77716	111	174
ESYE14	Ágios Vissaríonas	39.47118	21.61939	225	174
ESYE14	Agnanteró	39.48586	21.84789	97	174
ESYE14	Agnantiá	39.86791	21.4655	705	174
ESYE14	Agriá	39.34078	23.01258	1	174
ESYE14	Aigáni	39.95278	22.61208	283	174
ESYE14	Akhíllio	39.00548	22.96095	3	174
ESYE14	Álli Meriá	39.37039	22.9835	153	174
ESYE14	Almyrós	39.18222	22.75944	58	174
ESYE14	Amaliapolis	39.16667	22.88333	19	174
ESYE14	Ampelóna	39.74481	22.36575	72	174
ESYE14	Anakasiá	39.38112	22.97484	169	174
ESYE14	Anávra	39.07276	22.55111	777	174
ESYE14	Anávra	39.18996	22.09308	199	174
ESYE14	Áno Lekhónia	39.32763	23.05395	68	174
ESYE14	Áno Vólos	39.37936	22.98181	255	174
ESYE14	Anthiró	39.34722	21.45833	783	174
ESYE14	Ardáni	39.63163	21.78649	183	174
ESYE14	Argalastí	39.22627	23.21868	254	174
ESYE14	Argyropoúli	39.82567	22.30689	121	174
ESYE14	Arméni	39.488	22.69758	60	174
ESYE14	Artesianó	39.40194	21.89649	97	174
ESYE14	Asprokklisiá	39.8505	21.66316	580	174
ESYE14	Ávra	39.71135	21.69084	249	174
ESYE14	Ázoros	40.00058	22.07917	513	174
ESYE14	Chálki	39.56853	22.54017	80	174
ESYE14	Chrysomiliá	39.60749	21.50133	895	174
ESYE14	Dasochóri	39.69206	22.41811	67	174
ESYE14	Dendrochóri	39.55271	21.63707	123	174
ESYE14	Dialektó	39.59468	21.65204	133	174
ESYE14	Diáva	39.6926	21.58124	255	174
ESYE14	Drakótrypa	39.39764	21.59911	601	174
ESYE14	Droseró	39.51038	21.74169	111	174
ESYE14	Elassóna	39.89472	22.18861	284	174
ESYE14	Eláteia	39.81094	22.53842	116	174
ESYE14	Eláti	39.50131	21.53934	915	174
ESYE14	Eleftherés	39.57783	22.33744	133	174
ESYE14	Eleftherochóri	39.52761	21.63436	128	174
ESYE14	Evangelismós	39.84006	22.10433	202	174
ESYE14	Evxinoúpolis	39.18414	22.73831	78	174
ESYE14	Fálanna	39.71986	22.39733	64	174
ESYE14	Fanári	39.4158	21.79897	269	174
ESYE14	Faneroméni	39.54679	21.89397	96	174
ESYE14	Farkadóna	39.6	22.06667	124	174
ESYE14	Fársala	39.29472	22.38472	145	174
ESYE14	Fíki	39.51602	21.65556	132	174
ESYE14	Flamoúli	39.52641	21.76617	108	174
ESYE14	Frágko	39.35632	21.84314	124	174
ESYE14	Gelánthi	39.43879	21.707	143	174
ESYE14	Georgikó	39.33234	21.86263	125	174
ESYE14	Giánnouli	39.66717	22.39597	75	174
ESYE14	Glínos	39.51224	21.86473	98	174
ESYE14	Glóssa	39.17519	23.61572	219	174
ESYE14	Gómfoi	39.46413	21.69342	137	174
ESYE14	Gónnoi	39.86153	22.47647	90	174
ESYE14	Gorgogýri	39.54754	21.58817	197	174
ESYE14	Grizáno	39.63192	22.05258	138	174
ESYE14	Itéa	39.45669	22.16577	97	174
ESYE14	Kalampáka	39.70444	21.62694	221	174
ESYE14	Kalá Nerá	39.30599	23.1209	6	174
ESYE14	Kallifóni	39.27712	21.96128	145	174
ESYE14	Kallíthiro	39.28099	21.90491	166	174
ESYE14	Kalogrianá	39.4651	21.87322	95	174
ESYE14	Kalomoíra	39.75013	21.41136	763	174
ESYE14	Kalývia	40.023	22.24078	598	174
ESYE14	Kanália	39.39847	21.79961	335	174
ESYE14	Kanália	39.49928	22.88589	84	174
ESYE14	Kardítsa	39.36485	21.92191	111	174
ESYE14	Karditsomagoúla	39.39061	21.9233	99	174
ESYE14	Karpochóri	39.33575	22.01129	111	174
ESYE14	Kastráki	39.71692	21.61865	266	174
ESYE14	Káto Lekhónia	39.33091	23.03957	42	174
ESYE14	Kefalóvryso	39.58096	21.69298	126	174
ESYE14	Koiláda	39.57356	22.30361	119	174
ESYE14	Kraniá	39.44594	21.83454	96	174
ESYE14	Kraniá Elassónas	39.95094	21.97078	760	174
ESYE14	Kríni	39.61501	22.01188	116	174
ESYE14	Krýa Vrýsi	39.32352	21.87367	127	174
ESYE14	Lárisa	39.63689	22.41761	84	174
ESYE14	Lazarína	39.46237	21.73789	119	174
ESYE14	Livádi	40.12625	22.15753	1169	174
ESYE14	Loutró	39.967	21.93369	706	174
ESYE14	Lygariá	39.49454	21.68392	142	174
ESYE14	Magoúla	39.45395	21.80351	102	174
ESYE14	Magoulítsa	39.43911	21.75977	113	174
ESYE14	Makrinítsa	39.40131	22.98727	606	174
ESYE14	Makrychóri	39.43978	21.96582	94	174
ESYE14	Makrychóri	39.8	22.48333	153	174
ESYE14	Malakási	39.78168	21.28399	879	174
ESYE14	Mándra	39.61542	22.26028	97	174
ESYE14	Marathéa	39.53008	21.99431	89	174
ESYE14	Mavrika	39.34253	21.94103	112	174
ESYE14	Mavrommáti	39.42386	21.69379	161	174
ESYE14	Méga Kefalóvryso	39.58917	21.7284	124	174
ESYE14	Megála Kalývia	39.49693	21.78802	106	174
ESYE14	Megalochóri	39.55982	21.84195	104	174
ESYE14	Megárchis	39.61065	21.64324	144	174
ESYE14	Melívoia	39.75014	22.79532	406	174
ESYE14	Miléai	39.32713	23.15171	378	174
ESYE14	Mitrópoli	39.33933	21.83751	150	174
ESYE14	Morfovoúni	39.3525	21.75	822	174
ESYE14	Mouriá	39.48893	21.71751	119	174
ESYE14	Mouzáki	39.42972	21.66361	182	174
ESYE14	Mýrina	39.40769	21.96301	98	174
ESYE14	Néa Anchiálos	39.28015	22.81819	25	174
ESYE14	Néa Ionía	39.37904	22.92752	34	174
ESYE14	Neochóri	39.27408	21.73211	981	174
ESYE14	Néos Plátanos	39.16261	22.79406	46	174
ESYE14	Níkaia	39.56667	22.46667	89	174
ESYE14	Oichalía	39.60827	21.97996	106	174
ESYE14	Omólio	39.89553	22.64197	12	174
ESYE14	Óssa	39.74628	22.57844	132	174
ESYE14	Oxýneia	39.8264	21.48997	521	174
ESYE14	Palaiochóri	39.46982	21.82482	99	174
ESYE14	Palaiokklísi	39.37662	21.86407	104	174
ESYE14	Palaiomonástiro	39.46269	21.65793	176	174
ESYE14	Palaiópyrgos	39.60845	21.8172	100	174
ESYE14	Palamás	39.46667	22.08333	92	174
ESYE14	Palioúri	39.22008	21.98158	225	174
ESYE14	Panagía	39.79616	21.32971	787	174
ESYE14	Patitírion	39.14657	23.86494	39	174
ESYE14	Patouliá	39.53495	21.86465	97	174
ESYE14	Pedinó	39.51823	21.95248	91	174
ESYE14	Petróporo	39.5615	21.92812	93	174
ESYE14	Petrotó	39.58627	21.96355	99	174
ESYE14	Piáleia	39.50552	21.59523	247	174
ESYE14	Pigí	39.51061	21.70103	120	174
ESYE14	Plátanos	39.66061	21.76906	198	174
ESYE14	Platýkampos	39.61667	22.53333	66	174
ESYE14	Portariá	39.3895	22.99948	640	174
ESYE14	Pournári	39.77564	22.57578	153	174
ESYE14	Prínos	39.56956	21.61176	147	174
ESYE14	Proástio	39.48682	21.90288	93	174
ESYE14	Pródromos	39.37571	21.97493	100	174
ESYE14	Pródromos	39.56483	21.58944	298	174
ESYE14	Pteleós	39.05261	22.95271	99	174
ESYE14	Pýli	39.45806	21.61889	225	174
ESYE14	Pyrgetós	39.55276	21.74846	116	174
ESYE14	Pyrgetós	39.91869	22.59339	126	174
ESYE14	Pýthio	40.06619	22.23128	715	174
ESYE14	Rapsáni	39.90222	22.54875	503	174
ESYE14	Ráxa	39.61056	21.74698	129	174
ESYE14	Rentína	39.06316	21.97895	898	174
ESYE14	Rizarió	39.53912	21.80116	108	174
ESYE14	Rízoma	39.66432	21.73541	155	174
ESYE14	Rizómylos	39.42763	22.74717	66	174
ESYE14	Rizovoúni	39.43898	21.86684	96	174
ESYE14	Roússo	39.31204	21.90374	135	174
ESYE14	Sarantáporo	40.06783	22.05264	837	174
ESYE14	Servotá	39.50469	21.9075	94	174
ESYE14	Skiáthos	39.16227	23.49089	4	174
ESYE14	Skópelos	39.12144	23.72686	24	174
ESYE14	Sofádes	39.33333	22.1	110	174
ESYE14	Soúrpi	39.10319	22.89789	38	174
ESYE14	Stavrós	39.36213	21.97197	103	174
ESYE14	Stefanovíkeio	39.46354	22.74198	56	174
ESYE14	Stómio	39.86778	22.73186	14	174
ESYE14	Stournaraíïka	39.45317	21.48972	855	174
ESYE14	Sykoúrio	39.75947	22.58	152	174
ESYE14	Taxiárches	39.57565	21.89245	96	174
ESYE14	Terpsithéa	39.61898	22.35087	117	174
ESYE14	Theópetra	39.67386	21.68383	172	174
ESYE14	Tríkala	39.55493	21.76837	114	174
ESYE14	Tríkeri	39.10114	23.07669	276	174
ESYE14	Tsagkaráda	39.38832	23.17369	473	174
ESYE14	Tsarítsani	39.88117	22.22758	306	174
ESYE14	Týrnavos	39.73778	22.28917	94	174
ESYE14	Valtinó	39.54852	21.66031	118	174
ESYE14	Vamvakoú	39.33708	22.41983	150	174
ESYE14	Vasilikí	39.63984	21.70448	148	174
ESYE14	Vatsouniá	39.40983	21.58569	451	174
ESYE14	Velestíno	39.38181	22.74616	112	174
ESYE14	Verdikoússa	39.78175	21.97728	880	174
ESYE14	Vlachogiánni	39.74231	22.08844	156	174
ESYE14	Volos	39.36103	22.94248	7	174
ESYE14	Xinonéri	39.31815	21.8602	142	174
ESYE14	Zagorá	39.45	23.1	487	174
ESYE14	Zaḯmi	39.29948	21.93918	131	174
ESYE14	Zárkos	39.6086	22.12336	118	174
ESYE14	Zileftí	39.58676	21.8194	100	174
ESYE21	Agiá	39.31294	20.35856	416	174
ESYE21	Agía Kyriakí	39.52264	20.88358	505	174
ESYE21	Agía Paraskeví	39.09903	20.99108	5	174
ESYE21	Ágioi Anárgyroi	39.13969	21.02613	36	174
ESYE21	Ágios Geórgios	39.26703	20.85428	155	174
ESYE21	Ágios Ioánnis	39.6965	20.81308	500	174
ESYE21	Ágios Spyrídon	39.14417	20.86292	7	174
ESYE21	Ágnanta	39.47419	21.08051	646	174
ESYE21	Akropotamiá	39.09422	21.02011	5	174
ESYE21	Amfithéa	39.69119	20.86519	490	174
ESYE21	Ammótopos	39.27097	20.94257	268	174
ESYE21	Anatolí	39.63531	20.86578	503	174
ESYE21	Anéza	39.08658	20.923	4	174
ESYE21	Anílio	39.76005	21.18912	1084	174
ESYE21	Áno Kalentíni	39.25	21.18528	487	174
ESYE21	Anthoúsa	39.29917	20.37311	187	174
ESYE21	Árta	39.16014	20.98561	52	174
ESYE21	Asprángeloi	39.82328	20.72862	991	174
ESYE21	Báfra	39.59894	20.87489	478	174
ESYE21	Chalkiádes	39.15981	20.93292	15	174
ESYE21	Delvináki	39.93408	20.46461	671	174
ESYE21	Drosochóri	39.62753	20.97163	635	174
ESYE21	Eksochí	39.68744	20.8224	512	174
ESYE21	Eleoúsa	39.15278	20.96214	18	174
ESYE21	Eleoúsa	39.70639	20.7925	501	174
ESYE21	Filiátes	39.60111	20.31194	227	174
ESYE21	Filippiáda	39.20472	20.88222	25	174
ESYE21	Gardíki	39.35883	20.56472	76	174
ESYE21	Graikochóri	39.49789	20.27608	52	174
ESYE21	Grammenítsa	39.18444	20.97933	48	174
ESYE21	Gymnótopos	39.28961	20.90422	386	174
ESYE21	Igoumenítsa	39.50342	20.26728	29	174
ESYE21	Iliókali	39.61758	20.9675	563	174
ESYE21	Ioánnina	39.66486	20.85189	505	174
ESYE21	Kalamiá	39.16528	20.93206	14	174
ESYE21	Kalóvatos	39.12706	20.91781	9	174
ESYE21	Kalpáki	39.88778	20.62389	406	174
ESYE21	Kampí	39.21753	20.89994	22	174
ESYE21	Kanaláki	39.23361	20.6	26	174
ESYE21	Kanáli	39.07044	20.70039	55	174
ESYE21	Kardamítsia	39.67816	20.81956	511	174
ESYE21	Kastrí	39.55239	20.27403	154	174
ESYE21	Kastrítsa	39.63067	20.92183	493	174
ESYE21	Káto Mármara	39.64281	20.82815	502	174
ESYE21	Káto Neochorópoulo	39.64023	20.84094	480	174
ESYE21	Katsikás	39.62281	20.88758	486	174
ESYE21	Kefalóvryso	40.01234	20.55817	640	174
ESYE21	Komméno	39.04708	21.032	3	174
ESYE21	Kompóti	39.10255	21.08389	75	174
ESYE21	Kónitsa	40.04861	20.75667	691	174
ESYE21	Kosmirá	39.59157	20.8051	654	174
ESYE21	Kostakioí	39.13672	20.95761	15	174
ESYE21	Koutselió	39.58808	20.91197	563	174
ESYE21	Kranéa	39.24672	20.74711	473	174
ESYE21	Longádes	39.65936	20.93908	507	174
ESYE21	Loúros	39.166	20.75608	9	174
ESYE21	Margaríti	39.35825	20.43886	171	174
ESYE21	Mármara	39.65514	20.79608	812	174
ESYE21	Mazarakiá	39.41803	20.37483	154	174
ESYE21	Megárchi	39.13729	21.06968	101	174
ESYE21	Melissourgoí	39.50881	21.14614	885	174
ESYE21	Mesopótamo	39.23758	20.52958	7	174
ESYE21	Metamórfosi	39.79047	20.73944	611	174
ESYE21	Metsovo	39.76944	21.18222	1145	174
ESYE21	Mýtikas	38.99744	20.70639	13	174
ESYE21	Néa Kerasoúnta	39.15722	20.85719	20	174
ESYE21	Néa Sampsoúnta	39.08889	20.74333	32	174
ESYE21	Néa Seléfkeia	39.52461	20.25519	36	174
ESYE21	Néa Sinópi	39.08278	20.72433	44	174
ESYE21	Neochóri	39.07025	21.01892	3	174
ESYE21	Neochorópoulo	39.62553	20.83558	527	174
ESYE21	Neokaisáreia	39.58722	20.87567	499	174
ESYE21	Néos Oropós	39.15064	20.73636	30	174
ESYE21	Oropós	39.16383	20.71842	129	174
ESYE21	Pachykálamos	39.08344	21.01375	3	174
ESYE21	Pappadátes	39.31444	20.79314	293	174
ESYE21	Parakálamos	39.86336	20.56469	399	174
ESYE21	Paramythiá	39.47111	20.51111	304	174
ESYE21	Parapótamos	39.54858	20.32436	129	174
ESYE21	Párga	39.28572	20.40044	12	174
ESYE21	Pediní	39.59994	20.84261	492	174
ESYE21	Pentéli	39.66548	20.83664	591	174
ESYE21	Pérama	39.69331	20.84656	476	174
ESYE21	Pérdika	39.36967	20.30419	236	174
ESYE21	Péta	39.16667	21.03472	175	174
ESYE21	Pétra	39.15708	20.81875	0	174
ESYE21	Pétra	39.16612	21.11303	555	174
ESYE21	Platariá	39.45044	20.27781	2	174
ESYE21	Prámanta	39.52306	21.10139	808	174
ESYE21	Préveza	38.95617	20.7505	9	174
ESYE21	Ráchi	39.11406	20.89956	6	174
ESYE21	Rizovoúni	39.25936	20.81136	135	174
ESYE21	Rodotópi	39.70822	20.72656	507	174
ESYE21	Rókka	39.16683	20.94356	14	174
ESYE21	Sagiáda	39.62333	20.19433	14	174
ESYE21	Selládes	39.1087	21.07793	74	174
ESYE21	Stavráki	39.65614	20.81806	518	174
ESYE21	Stefáni	39.18072	20.79	20	174
ESYE21	Sývota	39.40728	20.24842	18	174
ESYE21	Theodóriana	39.43512	21.20989	931	174
ESYE21	Thesprotikó	39.25114	20.78528	49	174
ESYE21	Tsiflikópoulo	39.65624	20.83882	517	174
ESYE21	Velissários	39.65025	20.83932	483	174
ESYE21	Voulgaréli	39.37194	21.18333	779	174
ESYE21	Vounoplagiá	39.69161	20.78597	501	174
ESYE21	Vouvopótamos	39.31031	20.60897	50	174
ESYE21	Zítsa	39.75439	20.65008	678	174
ESYE21	Zoodóchos	39.69153	20.76458	599	174
ESYE22	Acharávi	39.7936	19.81736	8	174
ESYE22	Áfra	39.62162	19.85837	60	174
ESYE22	Agios Geórgios Argyrádon	39.42711	19.94877	6	174
ESYE22	Agios Georgis	39.72363	19.69969	25	174
ESYE22	Ágios Ioánnis	39.61571	19.84762	53	174
ESYE22	Ágios Matthaíos	39.49506	19.87336	112	174
ESYE22	Alepoú	39.61594	19.89564	16	174
ESYE22	Alónia	37.8265	20.79854	16	174
ESYE22	Ambelókipoi	37.75809	20.87248	4	174
ESYE22	Áno Korakiána	39.70567	19.79226	153	174
ESYE22	Apólpaina	38.81537	20.68674	75	174
ESYE22	Argási	37.76251	20.92357	14	174
ESYE22	Argostólion	38.18109	20.48903	2	174
ESYE22	Argyrádes	39.43517	19.97632	98	174
ESYE22	Avliótes	39.77767	19.66378	95	174
ESYE22	Áyios Dhimítrios	37.7995	20.79769	48	174
ESYE22	Áyios Kírikos	37.78773	20.83085	25	174
ESYE22	Benítses	39.54367	19.91369	6	174
ESYE22	Bókhali	37.79205	20.89192	91	174
ESYE22	Chrysiída	39.59011	19.89736	10	174
ESYE22	Corfu	39.62441	19.92016	13	174
ESYE22	Dilináta	38.22403	20.51636	403	174
ESYE22	Doukádes	39.68988	19.74084	162	174
ESYE22	Gáïos	39.19722	20.18556	4	174
ESYE22	Gaïtánion	37.79134	20.87407	9	174
ESYE22	Gastoúri	39.5611	19.89842	124	174
ESYE22	Giannádes	39.63098	19.76312	146	174
ESYE22	Gouviá	39.65283	19.8425	6	174
ESYE22	Itháki	38.36421	20.71848	3	174
ESYE22	Kalamákion	37.74174	20.90286	6	174
ESYE22	Kalipádhon	37.80083	20.83789	34	174
ESYE22	Kallitéros	37.75792	20.90072	16	174
ESYE22	Kanáli	39.60556	19.8925	16	174
ESYE22	Kariótai	38.79845	20.71498	3	174
ESYE22	Karousádes	39.78028	19.74475	113	174
ESYE22	Karyá	38.7588	20.64915	503	174
ESYE22	Kassiopi	39.78822	19.92125	4	174
ESYE22	Kastanéa	39.59279	19.88459	43	174
ESYE22	Katastárion	37.83012	20.75755	24	174
ESYE22	Káto Agios Márkos	39.7061	19.83337	9	174
ESYE22	Káto Garoúna	39.53916	19.86483	214	174
ESYE22	Káto Korakiána	39.68969	19.82809	74	174
ESYE22	Kávos	39.39025	20.10781	4	174
ESYE22	Kavvadádes	39.74554	19.67943	113	174
ESYE22	Kipséli	37.81886	20.82259	108	174
ESYE22	Kokkínion	39.60919	19.815	87	174
ESYE22	Kompítsion	39.60527	19.86719	11	174
ESYE22	Kontokáli	39.64436	19.85194	7	174
ESYE22	Kynopiástes	39.56785	19.88362	68	174
ESYE22	Kyrá Chrysikoú	39.64035	19.83517	57	174
ESYE22	Laganás	37.72837	20.8678	3	174
ESYE22	Lazaráta	38.77771	20.6676	421	174
ESYE22	Lefkáda	38.83036	20.70442	8	174
ESYE22	Lefkímmi	39.42336	20.07094	21	174
ESYE22	Liapádes	39.66918	19.7402	116	174
ESYE22	Ligia	38.78697	20.71923	18	174
ESYE22	Límni	39.66336	19.84787	15	174
ESYE22	Lithakiá	37.71935	20.83013	94	174
ESYE22	Lixoúri	38.20133	20.43706	5	174
ESYE22	Makhairádhon	37.75806	20.81017	58	174
ESYE22	Moraḯtika	39.48467	19.92469	12	174
ESYE22	Mouzaki	37.73565	20.82291	86	174
ESYE22	Nidhríon	38.71013	20.71386	3	174
ESYE22	Nikiána	38.76017	20.71876	7	174
ESYE22	Nýmfes	39.75594	19.78492	189	174
ESYE22	Othonoí	39.84231	19.40494	9	174
ESYE22	Pantokrátor	37.73241	20.82795	54	174
ESYE22	Perama	39.58289	19.9122	60	174
ESYE22	Perivóli	39.41936	20.01469	41	174
ESYE22	Perouládes	39.78638	19.67317	23	174
ESYE22	Petrití	39.45339	19.998	15	174
ESYE22	Plános	37.81635	20.86437	13	174
ESYE22	Póros	38.15369	20.7712	19	174
ESYE22	Potamós	39.6242	19.87826	16	174
ESYE22	Róda	39.78683	19.79297	7	174
ESYE22	Romírion	37.74853	20.81828	59	174
ESYE22	Sámi	38.25081	20.64686	0	174
ESYE22	Sarakinádhon	37.78951	20.84825	10	174
ESYE22	Sinarádes	39.56577	19.8483	162	174
ESYE22	Skoulikádo	37.80117	20.78486	34	174
ESYE22	Spartýlas	39.72089	19.84147	372	174
ESYE22	Tragákion	37.81254	20.83241	139	174
ESYE22	Tsoukaládhes	38.82181	20.65511	233	174
ESYE22	Valsamáta	38.176	20.58392	415	174
ESYE22	Vanáton	37.79446	20.85188	17	174
ESYE22	Virós	39.5834	19.8827	107	174
ESYE22	Vlacháta	38.12275	20.62589	183	174
ESYE22	Ypsos	39.69472	19.83667	19	174
ESYE22	Zakynthos	37.78022	20.89555	8	174
ESYE23	Ágios Nikólaos	38.86886	20.80425	9	174
ESYE23	Agrínio	38.62139	21.40778	66	174
ESYE23	Aígio	38.24861	22.08194	70	174
ESYE23	Aitolikó	38.43704	21.35358	4	174
ESYE23	Aíyira	38.14846	22.35426	12	174
ESYE23	Akráta	38.15469	22.3183	102	174
ESYE23	Aktaío	38.30444	21.7944	20	174
ESYE23	Alfeioúsa	37.64019	21.5375	25	174
ESYE23	Amaliáda	37.79842	21.35068	57	174
ESYE23	Amfilochía	38.85944	21.16639	80	174
ESYE23	Andravída	37.90588	21.26936	13	174
ESYE23	Andrítsaina	37.48387	21.90563	743	174
ESYE23	Angelókastro	38.56585	21.29631	68	174
ESYE23	Áno Kastrítsi	38.27228	21.836	491	174
ESYE23	Antirrio	38.33014	21.76413	1	174
ESYE23	Archaía Olympía	37.64788	21.6271	46	174
ESYE23	Archontochóri	38.70053	21.03896	429	174
ESYE23	Arkoúdi	37.84681	21.11022	13	174
ESYE23	Astakós	38.53556	21.08135	7	174
ESYE23	Áyios Andréas	38.52641	21.55415	51	174
ESYE23	Áyios Konstandínos	38.63337	21.3995	81	174
ESYE23	Boúka	38.92652	21.14226	0	174
ESYE23	Chalandrítsa	38.10843	21.78349	346	174
ESYE23	Chávari	37.84842	21.38403	90	174
ESYE23	Dhokímion	38.61352	21.38072	37	174
ESYE23	Drépano	38.32152	21.85221	65	174
ESYE23	Empesós	39.02387	21.31963	302	174
ESYE23	Epitálio	37.62675	21.49528	17	174
ESYE23	Fyteíes	38.69524	21.18467	368	174
ESYE23	Galatás	38.35742	21.56222	10	174
ESYE23	Gastoúni	37.85	21.25	4	174
ESYE23	Gavaloú	38.52903	21.53226	45	174
ESYE23	Goúmero	37.76236	21.61853	500	174
ESYE23	Gouriá	38.47294	21.26133	22	174
ESYE23	Grammatikoú	38.52782	21.50569	66	174
ESYE23	Íkaros	37.92022	21.17623	26	174
ESYE23	Kainoúryion	38.60453	21.48776	41	174
ESYE23	Kalávryta	38.03222	22.1125	732	174
ESYE23	Kallithéa	37.55167	21.81989	447	174
ESYE23	Kalývia	38.61741	21.29232	26	174
ESYE23	Kamárai	38.29881	21.99892	32	174
ESYE23	Kamaroúla	38.63008	21.44553	158	174
ESYE23	Kamínia	38.14995	21.62298	7	174
ESYE23	Kandíla	38.70564	20.94749	55	174
ESYE23	Karaïskákis	38.58145	21.09169	49	174
ESYE23	Karátoula	37.73564	21.53578	72	174
ESYE23	Kardamás	37.76729	21.33946	42	174
ESYE23	Katákolo	37.65597	21.31742	1	174
ESYE23	Káto Achaḯa	38.15	21.55	0	174
ESYE23	Káto Arachovítika	38.32903	21.84254	2	174
ESYE23	Katochí	38.41237	21.25258	7	174
ESYE23	Káto Makrinoú	38.48672	21.62551	73	174
ESYE23	Káto Mazaráki	38.07035	21.65097	140	174
ESYE23	Káto Panagía	37.92995	21.14714	16	174
ESYE23	Katoúna	38.78547	21.11417	332	174
ESYE23	Kavásila	37.87581	21.26422	13	174
ESYE23	Kréstena	37.59193	21.62034	78	174
ESYE23	Kríkellos	38.94532	21.1791	17	174
ESYE23	Kyllíni	37.93542	21.14503	1	174
ESYE23	Lakkopetra	38.17182	21.45607	32	174
ESYE23	Lálas	37.70936	21.72117	608	174
ESYE23	Lápas	38.09755	21.41861	17	174
ESYE23	Lechainá	37.93333	21.26667	4	174
ESYE23	Lepenoú	38.70839	21.2897	176	174
ESYE23	Lesíni	38.45238	21.23246	7	174
ESYE23	Limnokhórion	38.14115	21.48047	25	174
ESYE23	Lóngos	38.29472	22.02145	10	174
ESYE23	Makrísia	37.60957	21.60509	93	174
ESYE23	Manoláda	38.04708	21.34814	6	174
ESYE23	Mataránga	38.52359	21.47325	114	174
ESYE23	Megáli Khóra	38.64629	21.37309	66	174
ESYE23	Menídi	39.04213	21.11875	19	174
ESYE23	Mesolóngi	38.37138	21.43151	3	174
ESYE23	Metóchi	38.12546	21.39966	2	174
ESYE23	Mindilóglion	38.18387	21.70133	62	174
ESYE23	Monastiráki	38.85053	20.94458	281	174
ESYE23	Monodhéndrion	38.17229	21.67974	8	174
ESYE23	Myrsíni	37.92117	21.237	4	174
ESYE23	Myrtiá	37.71397	21.34919	46	174
ESYE23	Mýtikas	38.66883	20.94535	1	174
ESYE23	Náfpaktos	38.39167	21.8275	3	174
ESYE23	Néa Avórani	38.60834	21.44767	106	174
ESYE23	Néa Manoláda	38.05378	21.38189	15	174
ESYE23	Neápolis	38.67144	21.36274	94	174
ESYE23	Neochóri	37.90794	21.20392	10	174
ESYE23	Neochórion	38.40847	21.27511	6	174
ESYE23	Ókhthia	38.65795	21.28532	43	174
ESYE23	Ovriá	38.18866	21.72903	61	174
ESYE23	Palaiománina	38.55232	21.24062	118	174
ESYE23	Pálairos	38.783	20.88183	29	174
ESYE23	Paliámpela	38.91075	20.95178	141	174
ESYE23	Panaitólion	38.58316	21.44729	42	174
ESYE23	Pandánassa	38.60151	21.55586	31	174
ESYE23	Pappadhátai	38.52816	21.45016	76	174
ESYE23	Paralía	38.19833	21.70263	5	174
ESYE23	Paravóla	38.61472	21.52046	69	174
ESYE23	Pátra	38.24444	21.73444	20	174
ESYE23	Pelópi	37.67444	21.59344	49	174
ESYE23	Pendálofon	38.48487	21.24683	17	174
ESYE23	Perdikáki	39.04931	21.36308	713	174
ESYE23	Plagiá	38.79906	20.74056	6	174
ESYE23	Plátanos	37.66731	21.61108	58	174
ESYE23	Psathópyrgos	38.32806	21.87367	8	174
ESYE23	Pýrgos	37.67513	21.44102	25	174
ESYE23	Río	38.29558	21.78504	33	174
ESYE23	Rododáfni	38.26976	22.04875	18	174
ESYE23	Royítika	38.18268	21.68414	11	174
ESYE23	Sardínia	38.89003	21.20619	93	174
ESYE23	Savália	37.82158	21.29425	14	174
ESYE23	Selianítika	38.28216	22.02827	13	174
ESYE23	Spoláïta	38.69737	21.34682	182	174
ESYE23	Stamná	38.51419	21.28181	125	174
ESYE23	Stános	38.80453	21.17461	102	174
ESYE23	Strátos	38.66735	21.31535	56	174
ESYE23	Sylivainiótika	38.16139	22.33156	93	174
ESYE23	Synoikismós Chavaríou	37.85575	21.38789	87	174
ESYE23	Témeni	38.23707	22.12533	13	174
ESYE23	Thérmo	38.57358	21.66628	349	174
ESYE23	Thýrio	38.85628	20.98161	441	174
ESYE23	Triandaíika	38.6553	21.38315	109	174
ESYE23	Trýfos	38.82244	21.07486	504	174
ESYE23	Várda	38.03058	21.36506	19	174
ESYE23	Vartholomió	37.86219	21.20575	13	174
ESYE23	Varvásaina	37.67106	21.49886	35	174
ESYE23	Vasilópoulo	38.59236	21.08878	57	174
ESYE23	Vónitsa	38.91639	20.88639	0	174
ESYE23	Vrachnaíika	38.16253	21.66693	14	174
ESYE23	Vrína	37.56901	21.63825	186	174
ESYE23	Zacháro	37.48333	21.65	17	174
ESYE23	Zevgarákion	38.5368	21.41401	36	174
ESYE24	Afrátion	38.45212	23.68775	53	174
ESYE24	Agía Ánna	38.85919	23.39979	283	174
ESYE24	Agía Paraskeví Lamiéon	38.90105	22.49024	25	174
ESYE24	Agía Triáda	38.35505	22.90881	402	174
ESYE24	Ágios Geórgios	38.39343	22.93189	220	174
ESYE24	Ágios Geórgios Lichádos	38.83793	22.88097	5	174
ESYE24	Ágios Loukás	38.44142	24.02436	89	174
ESYE24	Ágrafa	39.13689	21.64911	833	174
ESYE24	Aidipsós	38.87924	23.04691	26	174
ESYE24	Akhinós	38.89284	22.72483	34	174
ESYE24	Akraifnía	38.45663	23.22093	191	174
ESYE24	Alíartos	38.36667	23.1	183	174
ESYE24	Alivéri	38.41667	24.03333	48	174
ESYE24	Amárynthos	38.393	23.88492	6	174
ESYE24	Amfíkleia	38.63912	22.59171	389	174
ESYE24	Ámfissa	38.52813	22.37713	178	174
ESYE24	Anthíli	38.85	22.47906	8	174
ESYE24	Antikyra	38.38333	22.63333	44	174
ESYE24	Aráchova	38.47958	22.5835	941	174
ESYE24	Arkítsa	38.74337	23.03301	30	174
ESYE24	Árma	38.35121	23.48599	256	174
ESYE24	Asopía	38.29882	23.50189	312	174
ESYE24	Atalánti	38.65111	22.99917	142	174
ESYE24	Áyios	38.90411	23.06043	118	174
ESYE24	Áyios Ioánnis	38.44811	24.00511	117	174
ESYE24	Áyios Konstandínos	38.75612	22.85757	7	174
ESYE24	Áyios Nikólaos	38.42051	23.64772	8	174
ESYE24	Áyios Serafím	38.80096	22.70441	29	174
ESYE24	Áyios Thomás	38.27717	23.58906	242	174
ESYE24	Chairóneia	38.49551	22.84424	128	174
ESYE24	Chalkída	38.46354	23.60284	22	174
ESYE24	Delphi	38.47942	22.49357	560	174
ESYE24	Dhrosiá	38.48413	23.54774	33	174
ESYE24	Dílesi	38.33762	23.67077	35	174
ESYE24	Dístomo	38.42892	22.66728	448	174
ESYE24	Domokós	39.12722	22.30028	576	174
ESYE24	Domvraína	38.253	22.98211	157	174
ESYE24	Ekkára	39.15393	22.19719	167	174
ESYE24	Eláteia	38.6277	22.76492	178	174
ESYE24	Eleónas	38.36336	23.44348	193	174
ESYE24	Epinianá	39.14231	21.61353	932	174
ESYE24	Erétria	38.40097	23.8022	15	174
ESYE24	Éxarkhos	38.58791	22.94439	291	174
ESYE24	Fáros	38.39959	23.62275	8	174
ESYE24	Fílla	38.44177	23.68306	45	174
ESYE24	Fourná	39.05997	21.87533	817	174
ESYE24	Frantzís	38.8497	22.38812	128	174
ESYE24	Ftéri	38.90002	22.046	388	174
ESYE24	Galaxídhion	38.38067	22.38001	16	174
ESYE24	Giáltra	38.86307	22.9761	141	174
ESYE24	Glífa	38.95342	22.96681	5	174
ESYE24	Istiaía	38.9552	23.1521	41	174
ESYE24	Itéa	38.43201	22.42443	7	174
ESYE24	Kainoúryion	38.79283	22.7247	30	174
ESYE24	Kallithea - Moustafádhes	38.31122	23.43916	323	174
ESYE24	Kalochóri - Panteíchi	38.38811	23.59598	37	174
ESYE24	Kaména Voúrla	38.77844	22.78573	8	174
ESYE24	Kaparéllion	38.23697	23.21411	326	174
ESYE24	Karavómilos	38.88893	22.70784	21	174
ESYE24	Karpenísi	38.91218	21.79836	948	174
ESYE24	Kárystos	38.01333	24.41611	7	174
ESYE24	Kastélla	38.57048	23.63131	15	174
ESYE24	Kastráki	38.41672	21.89646	51	174
ESYE24	Kástron	38.49374	23.16008	119	174
ESYE24	Káto Tithoréa	38.60751	22.71348	162	174
ESYE24	Kerasochóri	39.00556	21.63778	1012	174
ESYE24	Kírra	38.42944	22.44443	4	174
ESYE24	Kókkinon	38.47503	23.23883	274	174
ESYE24	Kompotádes	38.86756	22.34795	43	174
ESYE24	Ksyróvrisi	38.46424	23.57237	40	174
ESYE24	Kými	38.63477	24.10287	211	174
ESYE24	Kyriáki	38.35365	22.78841	762	174
ESYE24	Lamía	38.9	22.43333	88	174
ESYE24	Lárimna	38.56555	23.28484	6	174
ESYE24	Lianokládhion	38.91655	22.30336	60	174
ESYE24	Lidoríki	38.52389	22.19972	534	174
ESYE24	Límni	38.76667	23.31667	27	174
ESYE24	Livadeiá	38.43616	22.87665	174	174
ESYE24	Livanátes	38.711	23.0503	45	174
ESYE24	Loukísia	38.47946	23.44796	163	174
ESYE24	Loutrá Aidhipsoú	38.85695	23.04739	34	174
ESYE24	Magoúla	38.41178	23.82128	34	174
ESYE24	Makrakómi	38.9415	22.11535	143	174
ESYE24	Makrikápa	38.61667	23.75	327	174
ESYE24	Malakónta	38.4	23.76667	27	174
ESYE24	Malesína	38.62225	23.2337	215	174
ESYE24	Mantoúdi	38.79808	23.47967	36	174
ESYE24	Marmárion	38.04839	24.32039	7	174
ESYE24	Martínon	38.56817	23.21458	231	174
ESYE24	Megáli Vrísi	38.89407	22.47511	17	174
ESYE24	Mexiátai	38.88298	22.31355	57	174
ESYE24	Mikrón Vathí	38.44046	23.59282	15	174
ESYE24	Mólos	38.80998	22.64544	35	174
ESYE24	Moskhokhórion	38.82814	22.44807	14	174
ESYE24	Mytikas	38.44373	23.65365	21	174
ESYE24	Néa Artáki	38.52027	23.63296	19	174
ESYE24	Néa Lámpsakos	38.43729	23.62824	8	174
ESYE24	Néa Stíra	38.17935	24.20842	7	174
ESYE24	Néon Monastírion	39.23988	22.27465	117	174
ESYE24	Néos Pírgos	38.93575	23.07243	11	174
ESYE24	Oinófyta	38.31163	23.64	102	174
ESYE24	Omvriakí	39.10118	22.27106	560	174
ESYE24	Orchomenós	38.4929	22.97962	104	174
ESYE24	Oreoí	38.95034	23.09191	4	174
ESYE24	Oxílithos	38.57988	24.11184	220	174
ESYE24	Palaiokastro	39.0229	23.25625	58	174
ESYE24	Paralía Avlídhos	38.38002	23.62842	4	174
ESYE24	Paralía Rachón	38.88195	22.77723	4	174
ESYE24	Paralía Vathéos	38.41537	23.61372	4	174
ESYE24	Pelasgía	38.94813	22.8398	215	174
ESYE24	Pláka Dílesi	38.3495	23.65056	46	174
ESYE24	Plataiés	38.21357	23.2675	368	174
ESYE24	Politiká	38.59673	23.54457	47	174
ESYE24	Prokópi	38.73402	23.4906	62	174
ESYE24	Psachná	38.57852	23.64326	22	174
ESYE24	Rákhai	38.89055	22.78122	111	174
ESYE24	Raptópoulo	39.14861	21.48028	831	174
ESYE24	Rengínion	38.71957	22.71001	179	174
ESYE24	Rodhítsa	38.88829	22.4641	25	174
ESYE24	Roviés	38.80971	23.23073	16	174
ESYE24	Schimatári	38.35	23.58333	172	174
ESYE24	Skoúrta	38.21412	23.55145	547	174
ESYE24	Skýros	38.90417	24.56306	49	174
ESYE24	Spercheiáda	38.90656	22.12792	207	174
ESYE24	Stavrós	38.89641	22.37082	62	174
ESYE24	Steíri	38.40831	22.71162	454	174
ESYE24	Stylída	38.91667	22.61667	52	174
ESYE24	Thespiés	38.303	23.15016	380	174
ESYE24	Thívai	38.325	23.31889	170	174
ESYE24	Tithoréa	38.58417	22.66765	438	174
ESYE24	Tragána	38.61977	23.12296	25	174
ESYE24	Vágia	38.31748	23.17752	214	174
ESYE24	Vasilikón	38.42586	23.67189	29	174
ESYE24	Vathí	38.4049	23.60332	17	174
ESYE24	Yimnón	38.44048	23.884	146	174
ESYE24	Zárakes	38.30192	24.19189	158	174
ESYE24	Zéli	38.65911	22.87499	501	174
ESYE25	Ágioi Theódoroi	37.92736	23.14221	10	174
ESYE25	Ágios Andréas	37.34519	22.76466	48	174
ESYE25	Ágios Pétros	37.32789	22.54661	934	174
ESYE25	Anífion	37.65923	22.78882	25	174
ESYE25	Arakhnaíon	37.67907	22.95825	608	174
ESYE25	ArchaÍes Kleonés	37.82259	22.75069	314	174
ESYE25	Archaío Limáni	37.93063	22.89317	4	174
ESYE25	Areópoli	36.66612	22.38127	260	174
ESYE25	Arfará	37.15619	22.04485	90	174
ESYE25	Argolikón	37.61987	22.79923	13	174
ESYE25	Árgos	37.63333	22.73333	19	174
ESYE25	Aria	37.57372	22.83539	23	174
ESYE25	Áris	37.0992	22.00443	23	174
ESYE25	Arkhaía Kórinthos	37.90953	22.88353	64	174
ESYE25	Asíni	37.54431	22.86435	29	174
ESYE25	Asopós	36.72986	22.85455	51	174
ESYE25	Asprókhoma	37.04778	22.07484	25	174
ESYE25	Ássos	37.93955	22.82223	17	174
ESYE25	Ástros	37.40395	22.72118	43	174
ESYE25	Athíkia	37.81675	22.92939	257	174
ESYE25	Ayía Triás	37.63707	22.80504	21	174
ESYE25	Áyios Adhrianós	37.59975	22.8456	70	174
ESYE25	Áyios Vasílios	37.79763	22.79727	233	174
ESYE25	Boláti	37.95611	22.79094	19	174
ESYE25	Chóra	37.05106	21.7169	285	174
ESYE25	Dhalamanára	37.61837	22.76989	6	174
ESYE25	Dhervéni	38.13101	22.41983	11	174
ESYE25	Dídyma	37.4625	23.17183	151	174
ESYE25	Dimitsána	37.59524	22.04025	961	174
ESYE25	Drépanon	37.53888	22.89323	10	174
ESYE25	Elafónisos	36.50805	22.97885	5	174
ESYE25	Élos	36.83267	22.6978	8	174
ESYE25	Ermióni	37.38492	23.24686	16	174
ESYE25	Examília	37.89736	22.92832	80	174
ESYE25	Fíkhtion	37.72117	22.72436	96	174
ESYE25	Filiatrá	37.15637	21.58532	67	174
ESYE25	Gargaliánoi	37.06518	21.63809	279	174
ESYE25	Géfyra	36.68715	23.03509	21	174
ESYE25	Geráki	36.99227	22.70663	360	174
ESYE25	Gýtheio	36.755	22.56417	168	174
ESYE25	Iliókastron	37.44461	23.26707	200	174
ESYE25	Ínachos	37.66419	22.74985	30	174
ESYE25	Isthmía	37.91356	23.0046	12	174
ESYE25	Kalamata	37.03913	22.11265	26	174
ESYE25	Kamári	38.09276	22.58223	8	174
ESYE25	Kandíla	37.77246	22.37917	769	174
ESYE25	Kardamýli	36.88778	22.23317	15	174
ESYE25	Kariótika Karyás	38.06402	22.64739	36	174
ESYE25	Karyés	37.29119	22.50066	894	174
ESYE25	Káto Almyrí	37.8487	23.0032	4	174
ESYE25	Káto Ássos	37.94749	22.8303	11	174
ESYE25	Káto Dhiminió	38.0249	22.73294	4	174
ESYE25	Káto Examília	37.90754	22.93984	76	174
ESYE25	Káto Glykóvrysi	36.82791	22.77732	39	174
ESYE25	Káto Pitsá	38.10897	22.53472	5	174
ESYE25	Kefalári	37.59852	22.69114	21	174
ESYE25	Khiliomódhi	37.81016	22.86972	313	174
ESYE25	Kiáto	38.01321	22.74839	9	174
ESYE25	Kivéri	37.52372	22.72981	31	174
ESYE25	Klénia	37.78772	22.86158	373	174
ESYE25	Koilás	37.4123	23.12553	6	174
ESYE25	Kokkónion	37.97061	22.78018	11	174
ESYE25	Kopanáki	37.28913	21.81854	182	174
ESYE25	Korakovoúni	37.34952	22.74714	54	174
ESYE25	Kórinthos	37.94007	22.9513	24	174
ESYE25	Koróni	36.79526	21.95794	40	174
ESYE25	Koutsopódi	37.68426	22.71355	48	174
ESYE25	Kranídi	37.37974	23.15969	127	174
ESYE25	Krínes	37.96592	22.76093	35	174
ESYE25	Krionérion	37.96308	22.63638	749	174
ESYE25	Krokeés	36.88297	22.54683	309	174
ESYE25	Kyparissía	37.25111	21.67361	44	174
ESYE25	Kyrás Vrýsi	37.91295	22.98651	72	174
ESYE25	Laíika	37.06174	22.09602	82	174
ESYE25	Láloukas	37.62786	22.78449	9	174
ESYE25	Langádhia	37.68186	22.03002	935	174
ESYE25	Lefkákia	37.55988	22.86072	45	174
ESYE25	Lékhaio	37.93279	22.85002	18	174
ESYE25	Leonídio	37.16679	22.85773	35	174
ESYE25	Levídion	37.68269	22.29586	857	174
ESYE25	Ligourión	37.61233	23.03773	348	174
ESYE25	Likoporiá	38.12747	22.50704	10	174
ESYE25	Límnes	37.71408	22.88023	522	174
ESYE25	Longá	36.86881	21.90667	81	174
ESYE25	Loutráki	37.9783	22.97781	11	174
ESYE25	Loutrá Oraías Elénis	37.86466	22.99614	10	174
ESYE25	Magoúla	37.08007	22.40469	239	174
ESYE25	Mánesis	37.66065	22.82564	78	174
ESYE25	Marathópolis	37.05799	21.57887	10	174
ESYE25	Megalópoli	37.40111	22.14222	429	174
ESYE25	Meligalás	37.21667	21.96667	82	174
ESYE25	Melíssi	38.04775	22.68479	39	174
ESYE25	Messíni	37.05111	22.00778	21	174
ESYE25	Methóni	36.81973	21.70486	20	174
ESYE25	Metókhion	37.60787	22.94593	275	174
ESYE25	Mikrá Mantíneia	36.9861	22.15337	34	174
ESYE25	Mikrománi	37.07707	22.03235	12	174
ESYE25	Moláoi	36.80757	22.85132	208	174
ESYE25	Moúlki	37.99319	22.72531	79	174
ESYE25	Mýloi	37.55276	22.71658	12	174
ESYE25	Náfplio	37.56863	22.80691	5	174
ESYE25	Néa Epídavros	37.67653	23.12689	108	174
ESYE25	Néa Kíos	37.59023	22.74342	3	174
ESYE25	Néa Tírins	37.60793	22.81996	36	174
ESYE25	Neméa	37.82068	22.66102	309	174
ESYE25	Nerántza	37.98402	22.78178	4	174
ESYE25	Palaiá Epídavros	37.63847	23.15609	10	174
ESYE25	Panarítis	37.63102	22.8235	46	174
ESYE25	Paralía Tyroú	37.2482	22.85796	14	174
ESYE25	Paralía Vérgas	37.00708	22.15676	26	174
ESYE25	Parálio Ástros	37.41658	22.7661	9	174
ESYE25	Pásion	38.01294	22.72814	44	174
ESYE25	Perachóra	38.03021	22.94902	274	174
ESYE25	Periyiáli	37.94041	22.83946	10	174
ESYE25	Pórto Chéli	37.32786	23.14384	1	174
ESYE25	Poúlithra	37.10942	22.88595	138	174
ESYE25	Poullakídha	37.64883	22.81397	39	174
ESYE25	Poullítsa	37.95899	22.77131	29	174
ESYE25	Prósimna	37.71279	22.84049	248	174
ESYE25	Pýlos	36.91298	21.6965	9	174
ESYE25	Rozená	38.11953	22.39734	167	174
ESYE25	Sikyón	37.9823	22.72462	137	174
ESYE25	Skála	36.85	22.66667	14	174
ESYE25	Sofikón	37.79412	23.05204	430	174
ESYE25	Solomós	37.87662	22.88911	114	174
ESYE25	Sparta	37.07446	22.43009	206	174
ESYE25	Sperchógeia	37.07405	22.06248	54	174
ESYE25	Stimánga	37.90964	22.70074	519	174
ESYE25	Stoúpa	36.84371	22.25993	9	174
ESYE25	Sykiá	36.76398	22.94302	167	174
ESYE25	Thouría	37.08356	22.04891	25	174
ESYE25	Tolón	37.52021	22.8586	10	174
ESYE25	Traganón	37.89789	21.31245	23	174
ESYE25	Trípoli	37.50889	22.37944	660	174
ESYE25	Valýra	37.16554	21.98165	41	174
ESYE25	Vélo	37.9761	22.75985	26	174
ESYE25	Vlachiótis	36.86094	22.70831	29	174
ESYE25	Vlachokerasiá	37.36801	22.37715	955	174
ESYE25	Vlachópoulo	37.03186	21.79158	430	174
ESYE25	Vokhaïkó	37.94843	22.79203	28	174
ESYE25	Vrakháti	37.95895	22.80573	9	174
ESYE25	Vytína	37.67023	22.18347	1029	174
ESYE25	Xilokériza	37.88227	22.94237	112	174
ESYE25	Xinos	37.05724	22.0055	9	174
ESYE25	Xirokámbion	36.95939	22.45211	252	174
ESYE25	Xylókastro	38.07762	22.63166	8	174
ESYE25	Zevgolateió	37.93333	22.8	39	174
ESYE31	Acharnés	38.08333	23.73333	171	174
ESYE31	Aegina	37.74667	23.4275	4	174
ESYE31	Afidnés	38.20332	23.83982	330	174
ESYE31	Aghios Panteleímon	38.11643	23.98182	7	174
ESYE31	Agia Kyriakií Spáton	37.99336	23.97796	117	174
ESYE31	Agía Marína	37.82036	23.84424	9	174
ESYE31	Agía Paraskeví	38.01667	23.83333	216	174
ESYE31	Agía Triáda	38.20345	23.80308	559	174
ESYE31	Agía Varvára	37.98938	23.66011	58	174
ESYE31	Ágioi Anárgyroi	38.03013	23.72379	84	174
ESYE31	Agios Dimitrios	37.93333	23.73333	73	174
ESYE31	Agios Dimítrios Kropiás	37.80612	23.85793	52	174
ESYE31	Agios Ioannis Rentis	37.96491	23.66511	13	174
ESYE31	Ágios Konstantínos	37.72602	24.01289	164	174
ESYE31	Ágios Stéfanos	38.14657	23.85608	368	174
ESYE31	Aiánteio	37.92135	23.45877	30	174
ESYE31	Aigáleo	37.98333	23.68333	24	174
ESYE31	Álimos	37.91033	23.72361	44	174
ESYE31	Ampelákia	37.95055	23.52803	19	174
ESYE31	Anávyssos	37.73414	23.94389	6	174
ESYE31	Anoixi	38.13267	23.85874	359	174
ESYE31	Áno Liósia	38.08333	23.7	174	174
ESYE31	Anthoúsa	38.02544	23.87617	316	174
ESYE31	Argithéa	37.97506	23.88556	224	174
ESYE31	Argyroúpoli	37.90594	23.75035	67	174
ESYE31	Artémida	37.96727	23.99684	37	174
ESYE31	Asprópyrgos	38.06134	23.58971	35	174
ESYE31	Athens	37.98376	23.72784	84	174
ESYE31	Avlónas	38.25149	23.69554	155	174
ESYE31	Áyioi Apóstoloi	38.29169	23.91011	15	174
ESYE31	Chaïdári	38.01135	23.66597	92	174
ESYE31	Cholargós	38	23.8	219	174
ESYE31	Christoúpoli	37.97835	23.9179	139	174
ESYE31	Dhafní	37.95002	23.73437	100	174
ESYE31	Dhráfi	38.02375	23.90788	268	174
ESYE31	Dióni	38.02328	23.93286	201	174
ESYE31	Diónysos	38.10458	23.87938	482	174
ESYE31	Drapetsóna	37.94988	23.62309	33	174
ESYE31	Drosiá	38.11977	23.86428	377	174
ESYE31	Efédron Anagénnisi	38.10211	23.85025	541	174
ESYE31	Ekáli	38.11035	23.83505	323	174
ESYE31	Elefsína	38.04135	23.54295	7	174
ESYE31	Ellinikó	37.89013	23.74406	52	174
ESYE31	Ergatikés Katoikíes Attikís	37.71733	24.03646	85	174
ESYE31	Erythrés	38.21741	23.32234	389	174
ESYE31	Filothéi	38.02524	23.78257	162	174
ESYE31	Fylí	38.10235	23.66901	333	174
ESYE31	Galatás	37.49618	23.44886	16	174
ESYE31	Galátsi	38.01667	23.75	177	174
ESYE31	Gérakas	38.02277	23.8576	250	174
ESYE31	Glyfáda	37.86289	23.75802	24	174
ESYE31	Grammatikó	38.20251	23.96504	267	174
ESYE31	Ílion	38.03333	23.7	90	174
ESYE31	Ilioúpoli	37.93149	23.76779	308	174
ESYE31	Irákleio	38.05282	23.76523	169	174
ESYE31	Kaisarianí	37.9634	23.76523	191	174
ESYE31	Kálamos	38.28447	23.86308	322	174
ESYE31	Kallitechnoúpoli	38.02639	23.95758	190	174
ESYE31	Kallithéa	37.95	23.7	28	174
ESYE31	Kalloní	37.53875	23.28873	35	174
ESYE31	Kalývia Thorikoú	37.83894	23.92505	116	174
ESYE31	Kamaterón	38.05586	23.70515	142	174
ESYE31	Kapandríti	38.21579	23.87938	351	174
ESYE31	Karellás	37.93445	23.86484	134	174
ESYE31	Káto Soúlion	38.16803	24.01628	18	174
ESYE31	Keratéa	37.80585	23.9774	197	174
ESYE31	Keratsíni	37.9625	23.61972	40	174
ESYE31	Khalándrion	38.02369	23.80068	194	174
ESYE31	Khalkoútsion	38.33263	23.73188	6	174
ESYE31	Kifisiá	38.07438	23.81106	290	174
ESYE31	Kinéta	37.96843	23.21351	4	174
ESYE31	Kipséli	38.00288	23.73755	126	174
ESYE31	Kítsi	37.85181	23.84068	98	174
ESYE31	Kolonaki	37.97866	23.74103	143	174
ESYE31	Koropí	37.89886	23.87181	130	174
ESYE31	Korydallós	37.98468	23.64711	93	174
ESYE31	Kouvarás	37.82711	23.96715	225	174
ESYE31	Kryonéri	38.13712	23.83055	365	174
ESYE31	Kypséli	37.76021	23.45448	57	174
ESYE31	Kýthira	36.14955	22.98979	137	174
ESYE31	Lákka Kalogírou	37.99407	23.38556	7	174
ESYE31	Lávrio	37.71445	24.05647	9	174
ESYE31	Leondárion	37.987	23.85518	207	174
ESYE31	Limín Mesoyaías	37.89108	24.00307	21	174
ESYE31	Lykóvrysi	38.06933	23.78223	225	174
ESYE31	Magoúla	38.07989	23.52108	76	174
ESYE31	Malakása	38.23789	23.801	233	174
ESYE31	Mándra	38.06667	23.5	79	174
ESYE31	Marathónas	38.15317	23.96278	40	174
ESYE31	Markópoulo	37.88333	23.93333	95	174
ESYE31	Markópoulo Oropoú	38.2898	23.82475	185	174
ESYE31	Maroúsi	38.05	23.8	220	174
ESYE31	Megalochóri	37.71051	23.34659	20	174
ESYE31	Mégara	37.99471	23.34324	35	174
ESYE31	Melíssia	38.05	23.83333	273	174
ESYE31	Mesagrós	37.75658	23.51688	70	174
ESYE31	Metamórfosi	38.06576	23.76356	173	174
ESYE31	Méthana	37.58131	23.39016	13	174
ESYE31	Mikrokhórion	38.23366	23.89333	466	174
ESYE31	Moskháton	37.94789	23.6788	6	174
ESYE31	Néa Chalkidóna	38.0271	23.73051	82	174
ESYE31	Néa Erythraía	38.0927	23.82223	321	174
ESYE31	Néa Filadélfeia	38.03491	23.73811	104	174
ESYE31	Néa Ionía	38.0357	23.75733	152	174
ESYE31	Néa Mákri	38.08733	23.97642	15	174
ESYE31	Néa Palátia	38.31942	23.79649	17	174
ESYE31	Néa Pentéli	38.06059	23.85926	432	174
ESYE31	Néa Péramos	38.00647	23.42348	14	174
ESYE31	Neápoli Spáton	37.96552	23.97873	74	174
ESYE31	Néa Politeía	38.30226	23.78634	85	174
ESYE31	Néa Smýrni	37.94504	23.71416	57	174
ESYE31	Néa Zoí	38.08343	23.48413	138	174
ESYE31	Néo Psychikó	38.00624	23.78373	195	174
ESYE31	Néos Kouvarás	37.82436	23.95539	161	174
ESYE31	Neos Voutzás	38.04312	23.97749	180	174
ESYE31	Níkaia	37.96667	23.65	30	174
ESYE31	Oropós	38.30326	23.75549	32	174
ESYE31	Páchi	37.97536	23.36243	25	174
ESYE31	Paianía	37.95527	23.85443	183	174
ESYE31	Palaiá Fókaia	37.71998	23.94792	8	174
ESYE31	Palaió Fáliro	37.92812	23.70105	18	174
ESYE31	Pallíni	38.00514	23.88302	199	174
ESYE31	Papágou	37.98642	23.79347	222	174
ESYE31	Péfki	38.06019	23.79264	257	174
ESYE31	Pentéli	38.05	23.86667	450	174
ESYE31	Pérama	37.96775	23.5721	71	174
ESYE31	Pérdhika	37.69226	23.45306	22	174
ESYE31	Peristéri	38.01539	23.69187	66	174
ESYE31	Petroúpolis	38.04187	23.68494	144	174
ESYE31	Pikérmi	38.00161	23.94075	106	174
ESYE31	Piraeus	37.94203	23.64619	29	174
ESYE31	Pláka	37.76329	24.02371	202	174
ESYE31	Polydéndri	38.216	23.86806	342	174
ESYE31	Póros	37.49944	23.45361	23	174
ESYE31	Psychikó	38.01324	23.77223	197	174
ESYE31	Rafína	38.01812	24.00599	11	174
ESYE31	Rodópoli	38.11669	23.87572	415	174
ESYE31	Salamína	37.96427	23.49649	5	174
ESYE31	Saronída	37.74809	23.91059	28	174
ESYE31	Selínia	37.9332	23.53147	19	174
ESYE31	Skála Oropoú	38.31964	23.78763	4	174
ESYE31	Skarmagkás	38.01133	23.60303	20	174
ESYE31	Spáta	37.96163	23.91514	142	174
ESYE31	Spétses	37.26191	23.15943	14	174
ESYE31	Stamáta	38.12546	23.88038	382	174
ESYE31	Sykámino	38.30241	23.73035	29	174
ESYE31	Távros	37.97064	23.69043	23	174
ESYE31	Thrakomakedónes	38.12964	23.75751	370	174
ESYE31	Thymári	37.69581	23.94483	38	174
ESYE31	Troizína	37.49727	23.36295	64	174
ESYE31	Vári	37.8332	23.80311	30	174
ESYE31	Varnávas	38.22358	23.92307	465	174
ESYE31	Varybóbi	38.12723	23.78729	298	174
ESYE31	Vathý	37.7642	23.48011	53	174
ESYE31	Vília	38.16716	23.33659	508	174
ESYE31	Vlycháda	38.02734	23.43663	80	174
ESYE31	Voúla	37.84221	23.77651	54	174
ESYE31	Vouliagméni	37.81423	23.77892	6	174
ESYE31	Vraná	38.12497	23.95198	33	174
ESYE31	Vrilissia	38.03381	23.82962	232	174
ESYE31	Výronas	37.96105	23.753	143	174
ESYE31	Ýdra	37.34976	23.4656	1	174
ESYE31	Ymittos	37.95342	23.74897	122	174
ESYE31	Zefyri	38.06647	23.71701	148	174
ESYE31	Zográfos	37.97574	23.76911	176	174
ESYE41	Agía Paraskeví	39.24792	26.27178	103	174
ESYE41	Agiásos	39.08295	26.37218	442	174
ESYE41	Ágios Efstrátios	39.53889	24.99167	9	174
ESYE41	Ágios Geórgios Sykoúsis	38.31885	26.05691	371	174
ESYE41	Agios Kirykos	37.61472	26.29444	35	174
ESYE41	Ágra	39.15789	26.06099	360	174
ESYE41	Ántissa	39.23401	25.98018	265	174
ESYE41	Atsikí	39.94611	25.22445	25	174
ESYE41	Chalkeió	38.33335	26.09845	58	174
ESYE41	Chios	38.36875	26.13718	9	174
ESYE41	Chóra	37.70374	26.90454	56	174
ESYE41	Dáfia	39.24212	26.1992	27	174
ESYE41	Eresós	39.16973	25.93437	69	174
ESYE41	Fília	39.26246	26.14017	325	174
ESYE41	Foúrnoi	37.5785	26.48069	12	174
ESYE41	Iraío	37.6647	26.8812	10	174
ESYE41	Kalamotí	38.23415	26.04535	46	174
ESYE41	Kallimasiá	38.29352	26.10214	147	174
ESYE41	Kalloní	39.23318	26.20724	11	174
ESYE41	Kápi	39.33386	26.31092	356	174
ESYE41	Kardámyla	38.5285	26.09242	62	174
ESYE41	Karyés	38.39121	26.09643	312	174
ESYE41	Káto Trítos	39.08615	26.43288	54	174
ESYE41	Kerámion	39.21633	26.20724	7	174
ESYE41	Kokkári	37.77908	26.89179	7	174
ESYE41	Kontakaíika	37.80217	26.7447	184	174
ESYE41	Lagkáda	38.47825	26.12427	12	174
ESYE41	Loutrá	39.05695	26.54476	72	174
ESYE41	Mantamádos	39.31003	26.33629	151	174
ESYE41	Marathókampos	37.72674	26.68964	240	174
ESYE41	Mármaro	38.54323	26.10862	6	174
ESYE41	Mesagrós	39.03634	26.44531	157	174
ESYE41	Mesótopos	39.13086	26.00361	188	174
ESYE41	Míthymna	39.36781	26.17639	69	174
ESYE41	Mória	39.13248	26.51698	34	174
ESYE41	Mýrina	39.87483	25.06359	7	174
ESYE41	Mytilene	39.10772	26.55529	14	174
ESYE41	Mytilinioí	37.72716	26.90747	123	174
ESYE41	Nénita	38.23902	26.09341	146	174
ESYE41	Neochóri	38.30754	26.11332	88	174
ESYE41	Néon Karlovásion	37.79209	26.7049	24	174
ESYE41	Oinoússes	38.51458	26.22241	45	174
ESYE41	Pagóndas	37.67175	26.83113	272	174
ESYE41	Palaiókastro	37.73795	27.00001	149	174
ESYE41	Palaiókipos	39.05563	26.45053	76	174
ESYE41	Pámfila	39.15697	26.5217	21	174
ESYE41	Panagioúda	39.14666	26.5292	5	174
ESYE41	Pappádos	39.03905	26.45598	75	174
ESYE41	Parákoila	39.16945	26.14058	51	174
ESYE41	Pérama	39.04319	26.50452	4	174
ESYE41	Pétra	39.32682	26.17648	16	174
ESYE41	Plagiá	38.98243	26.39676	39	174
ESYE41	Plomári	38.97527	26.37137	35	174
ESYE41	Polichnítos	39.07911	26.18215	112	174
ESYE41	Psará	38.54097	25.56287	12	174
ESYE41	Pyrgíon	38.22628	25.99991	115	174
ESYE41	Pythagóreio	37.69102	26.94341	7	174
ESYE41	Samos	37.75427	26.97699	3	174
ESYE41	Skalokhóri	39.25894	26.07493	328	174
ESYE41	Skópelos	39.02922	26.44836	146	174
ESYE41	Skoutáros	39.29243	26.13399	147	174
ESYE41	Stýpsi	39.31121	26.22056	376	174
ESYE41	Sykiáda	38.46414	26.1239	188	174
ESYE41	Tholopotámi	38.29528	26.07296	301	174
ESYE41	Thymianá	38.31439	26.13259	36	174
ESYE41	Vareiá	39.07941	26.57777	8	174
ESYE41	Vathý	37.74692	26.98316	99	174
ESYE41	Vatoússa	39.22557	26.05129	282	174
ESYE41	Vrísa	39.03999	26.20097	43	174
ESYE41	Vrontádos	38.40876	26.12948	42	174
ESYE42	Adámas	36.72506	24.44685	5	174
ESYE42	Afántou	36.29354	28.16225	28	174
ESYE42	Agía Marína	37.1543	26.85162	59	174
ESYE42	Ágios Arsénios	37.06134	25.39145	40	174
ESYE42	Amorgós	36.83175	25.89821	316	174
ESYE42	Anáfi	36.35	25.76667	202	174
ESYE42	Andros	37.83333	24.93333	14	174
ESYE42	Áno Merá	37.44904	25.39095	96	174
ESYE42	Áno Sýros	37.44997	24.93562	141	174
ESYE42	Antimácheia	36.80888	27.09764	145	174
ESYE42	Antíparos	37.0394	25.08258	2	174
ESYE42	Apérathos	37.07169	25.51967	612	174
ESYE42	Apóllona	36.26091	27.96698	322	174
ESYE42	Apollonía	36.97336	24.72391	191	174
ESYE42	Archángelos	36.21492	28.11487	163	174
ESYE42	Artemón	36.98181	24.72439	240	174
ESYE42	Astypálaia	36.55	26.35	46	174
ESYE42	Chálki	36.22243	27.61191	11	174
ESYE42	Dhamatria	36.38015	28.08285	49	174
ESYE42	Émponas	36.22683	27.85645	432	174
ESYE42	Emporeío	36.35816	25.44615	90	174
ESYE42	Ermoúpolis	37.44466	24.9429	16	174
ESYE42	Faliraki	36.33981	28.19942	12	174
ESYE42	Fanes	36.35076	27.98292	34	174
ESYE42	Filótion	37.05167	25.49829	372	174
ESYE42	Firá	36.42107	25.43087	244	174
ESYE42	Folégandros	36.62794	24.92021	206	174
ESYE42	Fry	35.41623	26.92328	12	174
ESYE42	Gennadi	36.02361	27.92326	33	174
ESYE42	Glinádo	37.071	25.40174	90	174
ESYE42	Ialysós	36.41352	28.15516	16	174
ESYE42	Íos	36.73333	25.28333	31	174
ESYE42	Kálymnos	36.9503	26.98388	2	174
ESYE42	Kamara	37.16031	26.8248	31	174
ESYE42	Kámbos	37.3529	26.55758	61	174
ESYE42	Kardámaina	36.78305	27.14289	7	174
ESYE42	Karpathos	35.50701	27.21322	23	174
ESYE42	Kéa	37.63333	24.35	443	174
ESYE42	Kéfalos	36.74507	26.95961	109	174
ESYE42	Kímolos	36.79368	24.57577	81	174
ESYE42	Klouvás	37.45265	25.34863	61	174
ESYE42	Kóronos	37.11833	25.53578	541	174
ESYE42	Kos	36.89295	27.28768	10	174
ESYE42	Kremastí	36.40981	28.1192	15	174
ESYE42	Kýthnos	37.41237	24.43068	159	174
ESYE42	Lakkí	37.13344	26.85237	5	174
ESYE42	Lárdos	36.09419	28.01565	18	174
ESYE42	Leipsoí	37.28333	26.76667	43	174
ESYE42	Líndos	36.09102	28.08571	48	174
ESYE42	Linopótis	36.87168	27.18373	22	174
ESYE42	Livádion	37.14602	24.51475	4	174
ESYE42	Mandráki	36.61139	27.13333	7	174
ESYE42	Megálo Chorió	36.45505	27.34563	87	174
ESYE42	Megálo Chorió	37.4582	26.97272	103	174
ESYE42	Megísti	36.14889	29.59361	19	174
ESYE42	Mesariá	36.39893	25.44807	144	174
ESYE42	Mílos	36.74536	24.4265	134	174
ESYE42	Mykonos	37.44529	25.32872	9	174
ESYE42	Náousa	37.12181	25.24014	25	174
ESYE42	Náxos	37.10556	25.37639	32	174
ESYE42	Oía	36.4626	25.37637	128	174
ESYE42	Órmos Korthíou	37.77366	24.9504	12	174
ESYE42	Ornós	37.42391	25.32248	5	174
ESYE42	Pánormos	36.97156	26.93727	13	174
ESYE42	Páros	37.08333	25.15	10	174
ESYE42	Pátmos	37.30895	26.54723	224	174
ESYE42	Péran Triovasálos	36.74086	24.43623	125	174
ESYE42	Pláka	36.74387	24.42262	182	174
ESYE42	Platýs Gialós	37.41448	25.3422	8	174
ESYE42	Plintrí	37.42522	25.36155	125	174
ESYE42	Pylí	36.84472	27.15932	76	174
ESYE42	Ródos	36.43556	28.22199	36	174
ESYE42	Sérifos	37.15397	24.50614	209	174
ESYE42	Síkinos	36.7	25.11667	101	174
ESYE42	Skála	37.32218	26.543	5	174
ESYE42	Sými	36.61547	27.83619	4	174
ESYE42	Tínos	37.53753	25.16343	7	174
ESYE42	Toúrlos	37.4634	25.33022	33	174
ESYE42	Triovasálos	36.74507	24.43329	135	174
ESYE42	Trypití	36.73718	24.42765	138	174
ESYE42	Vári	37.39859	24.94904	20	174
ESYE42	Vívlos	37.05824	25.40827	129	174
ESYE42	Xirókampos	37.111	26.86682	3	174
ESYE42	Zipári	36.87696	27.20532	36	174
ESYE43	Adelianós Kámpos	35.3721	24.5414	7	174
ESYE43	Agía Foteiní	35.25459	24.63495	480	174
ESYE43	Agía Galíni	35.09707	24.68818	25	174
ESYE43	Agía Marína	35.51778	23.92675	16	174
ESYE43	Agía Varvára	35.13715	25.00131	597	174
ESYE43	Ágioi Déka	35.06667	24.96667	323	174
ESYE43	Ágioi Theódoroi	35.31915	25.09307	64	174
ESYE43	Ágios Nikólaos	35.19106	25.71524	30	174
ESYE43	Análipsi	35.03996	25.98059	7	174
ESYE43	Ano Arhanes	35.23333	25.16667	461	174
ESYE43	Anógeia	35.29084	24.88412	754	174
ESYE43	Áno Kalésia	35.28374	25.05904	174	174
ESYE43	Arkalochóri	35.14634	25.26538	386	174
ESYE43	Arvi	34.99214	25.45515	8	174
ESYE43	Asímion	35.04321	25.09277	281	174
ESYE43	Atsipópoulo	35.35253	24.43378	174	174
ESYE43	Áyiai Paraskiaí	35.20944	25.2047	365	174
ESYE43	Chaniá	35.51124	24.02921	24	174
ESYE43	Chóra Sfakíon	35.20176	24.13711	23	174
ESYE43	Darátsos	35.49955	23.97488	67	174
ESYE43	Eliá	35.30311	25.2316	227	174
ESYE43	Eloúnda	35.265	25.72127	2	174
ESYE43	Episkopí	35.2569	25.23757	362	174
ESYE43	Episkopí	35.32821	24.33525	127	174
ESYE43	Férma	35.01896	25.85371	30	174
ESYE43	Galatás	35.49864	23.96341	88	174
ESYE43	Galiá	35.07795	24.87009	243	174
ESYE43	Gállos	35.34692	24.45196	200	174
ESYE43	Gázi	35.32531	25.06694	36	174
ESYE43	Georgioupolis	35.36225	24.26013	12	174
ESYE43	Geráni	35.35368	24.40033	97	174
ESYE43	Geráni	35.51721	23.87818	11	174
ESYE43	Gérgeri	35.13281	24.94963	512	174
ESYE43	Gialós	35.2391	23.63485	41	174
ESYE43	Goúrnes	35.32626	25.2774	17	174
ESYE43	Goúves	35.3105	25.31327	104	174
ESYE43	Gra Liyiá	35.01467	25.69127	1	174
ESYE43	Ierápetra	35.01186	25.74234	9	174
ESYE43	Irákleion	35.32787	25.14341	60	174
ESYE43	Ístro	35.12468	25.73882	19	174
ESYE43	Kalýves	35.45046	24.17507	6	174
ESYE43	Karterós	35.32969	25.2065	16	174
ESYE43	Kastélli	35.20902	25.33773	338	174
ESYE43	Kastrí	34.8346	24.08572	217	174
ESYE43	Káto Asítai	35.20271	24.99827	434	174
ESYE43	Káto Chorió	35.04862	25.79081	105	174
ESYE43	Káto Goúves	35.32934	25.31353	15	174
ESYE43	Káto Kalésia	35.28634	25.05612	148	174
ESYE43	Kavoúsi	35.12271	25.85804	114	174
ESYE43	Kavrochóri	35.30812	25.04651	69	174
ESYE43	Kentrí	35.03258	25.7528	49	174
ESYE43	Khersónisos	35.30777	25.37159	107	174
ESYE43	Kíssamos	35.49459	23.65375	21	174
ESYE43	Kokkíni Cháni	35.32827	25.2581	12	174
ESYE43	Kolympári	35.54115	23.77995	9	174
ESYE43	Koutsounári	35.01487	25.82939	33	174
ESYE43	Koutsourás	35.03344	25.94731	9	174
ESYE43	Kritsá	35.15821	25.64459	294	174
ESYE43	Krousón	35.23062	24.98291	427	174
ESYE43	Limín Khersonísou	35.32297	25.39275	1	174
ESYE43	Makry-Gialos	35.03715	25.97179	17	174
ESYE43	Mália	35.28367	25.46262	28	174
ESYE43	Moíres	35.05143	24.8733	84	174
ESYE43	Mokhós	35.26342	25.42305	398	174
ESYE43	Mourniés	35.48228	24.01253	51	174
ESYE43	Mouzourás	35.53885	24.15554	162	174
ESYE43	Néa Alikarnassós	35.33893	25.15972	25	174
ESYE43	Néa Anatolí	35.0092	25.6617	14	174
ESYE43	Neápoli	35.25627	25.60415	262	174
ESYE43	Néo Chorío	35.42207	24.14151	73	174
ESYE43	Nerokoúros	35.47587	24.03995	66	174
ESYE43	Pacheía Ámmos	35.10896	25.80903	0	174
ESYE43	Palaióchora	35.23128	23.68185	5	174
ESYE43	Palekastro	35.19793	26.25429	37	174
ESYE43	Pánormos	35.41815	24.69091	13	174
ESYE43	Pérama	35.3703	24.70345	74	174
ESYE43	Perivólia	35.48491	23.99421	50	174
ESYE43	Pithári	35.51672	24.08653	151	174
ESYE43	Pitsídia	35.01555	24.78129	72	174
ESYE43	Plátanos	35.4731	23.60219	211	174
ESYE43	Pómpia	35.00938	24.86718	152	174
ESYE43	Prinés	35.34566	24.4251	202	174
ESYE43	Profítis Ilías	35.20555	25.09985	345	174
ESYE43	Pýrgos	35.00611	25.15191	282	174
ESYE43	Rethymno	35.36555	24.48232	14	174
ESYE43	Rodiá	35.36541	25.02023	318	174
ESYE43	Roussospíti	35.33383	24.49468	327	174
ESYE43	Schísma Eloúndas	35.25757	25.72796	4	174
ESYE43	Sfakáki	35.38132	24.58257	5	174
ESYE43	Sísion	35.3077	25.52021	14	174
ESYE43	Sitia	35.20783	26.10467	17	174
ESYE43	Skalánion	35.28262	25.18684	242	174
ESYE43	Soúda	35.48717	24.07344	8	174
ESYE43	Spílion	35.21961	24.5341	412	174
ESYE43	Stalís	35.29257	25.43292	5	174
ESYE43	Stalós	35.50751	23.94238	42	174
ESYE43	Stavroménos Rethýmnis	35.38317	24.59084	11	174
ESYE43	Stérnes	35.51094	24.14616	173	174
ESYE43	Tavronítis	35.52997	23.82029	15	174
ESYE43	Thrapsanón	35.18798	25.28091	350	174
ESYE43	Tílisos	35.29607	25.01587	209	174
ESYE43	Tsikalariá	35.47623	24.06274	69	174
ESYE43	Tympáki	35.07286	24.76851	25	174
ESYE43	Tzermiádon	35.19899	25.48862	829	174
ESYE43	Vaïniá	35.02496	25.77202	45	174
ESYE43	Vámos	35.407	24.20067	225	174
ESYE43	Vassilies	35.27064	25.13783	307	174
ESYE43	Vatheianós Kámpos	35.32104	25.24422	83	174
ESYE43	Veneráton	35.19696	25.04042	302	174
ESYE43	Violí Charáki	35.35864	24.43857	143	174
ESYE43	Vóroi	35.06815	24.81039	58	174
ESYE43	Vrýses	35.37585	24.20109	61	174
ESYE43	Xirókambos	35.20622	25.70114	55	174
ESYE43	Zarós	35.1303	24.90412	334	174
ESYE43	Zonianá	35.29502	24.82944	623	174
